6.4281e+06,2.5921e+07,2.0749e+07,3.1491e+07,1.6505e+07,1.1888e+07,2.7321e+07,1.0779e+07,3.2755e+07,1.2695e+07,3.112e+06,7.0587e+05,1.7759e+07,3.2514e+06,3.0697e+07,2.4279e+07,1.5368e+07,9.0895e+06,2.7896e+07,1.9258e+06,1.8634e+07,1.9958e+07,1.0301e+07,1.228e+07,3.3343e+07,2.0709e+07,2.7404e+07,2.0162e+07,1.8195e+06,1.9965e+06,1.4573e+07,2.3057e+07,2.2594e+07,1.2053e+07,1.6486e+07,5.8063e+06,3.756e+06,1.9271e+07,1.2466e+07,1.1994e+07
5.7545e+05,2.8322e+07,2.5901e+07,9.7008e+06,2.3509e+07,3.0637e+07,3.1705e+07,8.9917e+06,5.1795e+06,1.2435e+07,7.4764e+06,8.8119e+05,6.076e+06,8.1822e+06,3.3458e+07,2.1976e+07,3.9538e+06,2.7675e+07,2.4542e+07,2.3971e+07,1.8697e+07,1.2787e+07,1.1655e+07,2.8648e+06,7.1192e+06,2.972e+06,2.5486e+07,2.3361e+06,1.9655e+07,9.4889e+06,1.7504e+07,3.2691e+07,2.2958e+07,1.3471e+07,3.5156e+06,1.3921e+07,1.8378e+07,7.7628e+06,2.0232e+05,1.8158e+07
7.9887e+06,1.5936e+07,1.8483e+06,2.8202e+07,2.0128e+07,9.3769e+06,3.2381e+07,2.9439e+06,1.5737e+06,2.0724e+07,3.2498e+07,4.239e+06,1.2462e+07,9.1827e+06,4.3326e+06,1.2952e+07,1.0509e+07,2.8676e+07,2.6614e+07,2.0929e+07,1.8526e+07,7.9333e+06,7.9601e+06,1.026e+07,7.5041e+06,5.4001e+06,2.9879e+07,2.6043e+07,2.9509e+07,2.686e+07,2.7987e+06,5.4692e+06,8.782e+05,1.0818e+07,6.8685e+06,1.7697e+07,1.1379e+06,5.287e+06,2.0263e+07,1.9435e+07
1.8131e+07,3.2085e+07,2.1169e+07,2.0136e+07,1.609e+06,7.5719e+06,1.2021e+07,2.4694e+07,1.7716e+07,2.3811e+07,1.6631e+07,2.6644e+07,6.937e+06,3.1603e+07,2.2025e+07,8.1654e+06,9.3777e+06,3.1702e+06,2.2829e+07,3.1241e+07,1.9221e+07,3.0559e+07,2.1405e+07,3.2619e+07,2.1386e+07,2.6871e+07,2.9506e+07,3.2104e+07,1.0421e+07,2.0281e+07,9.2018e+06,2.4509e+06,4.8734e+06,1.0923e+07,1.8526e+07,5.9611e+06,1.8653e+07,2.2303e+07,1.8246e+07,2.9462e+07
2.7196e+06,9.1224e+05,2.2052e+07,5.725e+06,1.6321e+07,1.9705e+07,1.0536e+07,1.2019e+07,3.2644e+07,3.8766e+06,3.0045e+07,2.8337e+07,4.0795e+06,5.1049e+06,2.5244e+07,5.9302e+06,2.001e+07,1.5414e+07,2.6186e+07,2.5767e+07,1.8788e+07,2.9184e+07,7.4215e+06,2.7164e+07,4.8396e+06,1.9286e+07,1.2877e+07,2.1831e+07,1.836e+07,1.2848e+07,5.1255e+06,7.6111e+06,1.0562e+07,3.6533e+06,1.1727e+07,1.2529e+07,9.6609e+06,3.1446e+07,3.2986e+07,3.0697e+07
8.921e+06,2.3443e+06,1.1287e+07,2.9675e+07,2.7245e+05,4.9446e+06,9.6796e+06,4.4511e+06,1.3761e+06,3.0271e+07,3.238e+07,1.4237e+07,5.1796e+06,3.32e+07,2.3441e+07,2.2959e+07,1.3301e+07,3.3249e+07,3.0532e+07,4.9031e+06,1.4569e+07,1.3674e+07,3.1528e+07,1.3212e+07,2.6805e+07,90231,1.7488e+07,2.387e+07,7.4559e+06,9.6884e+06,2.6963e+07,3.0011e+07,2.7233e+07,2.2098e+07,3.3126e+07,2.259e+07,6.7874e+06,4.8509e+06,6.7522e+06,3.3256e+06
2.0915e+07,2.2804e+07,1.0732e+07,6.1174e+06,3.0642e+07,3.906e+06,3.2707e+07,6.9379e+06,3.0748e+07,2.2451e+07,7.5338e+06,5.071e+06,2.4074e+07,3.299e+06,1.8807e+07,1.7657e+07,7.3526e+06,2.238e+07,1.5171e+07,1.6454e+07,1.5695e+07,2.5967e+07,1.2168e+07,2.4004e+07,5.2791e+06,1.673e+07,6.5969e+06,6.1443e+06,2.2723e+07,3.0101e+07,2.0208e+07,8.72e+06,1.9543e+07,1.6004e+07,2.9136e+07,2.2675e+07,2.0382e+07,2.9536e+07,2.7036e+07,2.01e+07
6.2098e+06,3.1264e+07,2.2138e+07,2.3289e+07,2.6983e+07,1.274e+07,8.3838e+06,1.1023e+07,3.2824e+07,8.2294e+06,1.3178e+07,8.8842e+05,2.602e+07,1.4912e+07,3.9227e+06,3.3456e+07,2.2783e+07,1.4835e+07,5.1249e+06,1.0446e+07,1.7914e+07,1.448e+07,2.991e+07,5.1137e+06,1.7047e+07,2.4338e+07,2.4408e+07,2.7071e+07,2.3221e+07,1.8188e+07,4.4137e+06,1.495e+07,1.6495e+07,2.345e+07,1.7697e+07,7.5775e+06,1.598e+07,1.4623e+06,2.7297e+07,6.7049e+06
1.7554e+07,2.4441e+07,1.9545e+06,1.4127e+07,2.6704e+06,1.7231e+07,1.8991e+07,9.8532e+06,2.9145e+07,2.4702e+07,2.226e+07,3.228e+07,2.9792e+07,3.1153e+07,2.3914e+07,2.7949e+06,8.5361e+06,1.168e+07,3.0084e+07,2.4123e+07,8.7548e+06,4.3026e+06,2.5474e+07,2.7005e+07,8.8584e+06,2.6843e+07,1.4413e+07,2.9801e+07,2.612e+07,8.887e+06,7.0175e+06,1.2616e+07,2.6818e+07,8.1489e+06,2.6135e+07,9.3555e+06,1.7375e+07,8.8569e+06,2.0763e+07,1.3955e+07
1.0686e+07,1.0083e+07,1.5546e+07,2.7594e+07,1.5076e+07,3.2137e+07,1.5047e+07,2.3216e+06,6.4137e+06,1.8695e+07,3.1779e+07,2.0637e+07,2.7304e+07,1.8944e+07,1.8047e+07,3.0238e+05,9.6895e+06,2.1977e+07,2.9253e+07,2.3922e+07,2.463e+07,2.5295e+07,2.1008e+06,2.612e+07,5.5809e+05,1.1727e+07,2.2411e+07,1.9548e+07,2.6629e+07,2.6884e+06,2.5464e+06,1.6756e+07,5.8699e+06,2.9645e+06,7.1223e+06,1.8535e+07,2.9763e+06,2.5542e+06,3.1538e+07,1.7049e+07
3.2996e+07,2.413e+07,2.3929e+07,9.8623e+06,3.1711e+07,1.3614e+07,3.3372e+06,1.3498e+06,1.3258e+07,2.0061e+07,3.6939e+05,1.0081e+07,1.166e+07,2.3092e+07,1.1301e+07,4.2556e+06,1.7886e+07,3.0341e+07,9.4869e+06,1.7704e+07,2.6669e+07,1.0219e+07,4.8938e+05,2.4997e+07,9.5567e+06,3.1138e+07,1.9412e+05,1.5832e+07,4.6216e+06,9.5862e+06,1.8057e+07,1.1325e+07,2.7303e+07,1.7559e+07,6.2448e+06,2.9543e+07,1.8661e+06,1.8035e+07,2.1188e+07,2.9544e+07
2.5305e+07,1.2549e+07,2.8417e+07,1.6561e+07,4.4255e+06,1.5469e+07,3.87e+06,9.6527e+06,1.3595e+07,2.3516e+06,1.311e+07,2.5667e+07,3.1368e+07,3.1498e+07,1.0405e+07,2.1733e+07,3.0842e+07,2.1679e+07,6.1557e+06,2.8521e+07,3.2829e+07,1.0902e+07,8.5366e+06,1.908e+07,2.4594e+07,2.1116e+07,9.2302e+05,9.9249e+06,4.0583e+06,4.8218e+06,2.4592e+07,1.5473e+07,1.7906e+07,9.7029e+06,2.8198e+07,5.3184e+06,7.6933e+05,2.0112e+07,2.1759e+07,1.6407e+07
2.9524e+07,1.2698e+07,2.7733e+07,5.125e+06,2.0142e+07,2.8131e+07,1.0814e+07,1.3622e+07,1.391e+07,1.9398e+07,4.3162e+06,3.4954e+06,4.8183e+06,1.4756e+07,1.5833e+07,2.3042e+07,1.2057e+07,1.0384e+07,1.381e+06,3.1793e+07,2.5037e+06,3.1867e+07,7.8001e+06,2.8679e+06,2.4445e+07,2.53e+07,3.0037e+07,2.0231e+07,1.6163e+07,1.0763e+07,1.5544e+07,1.535e+07,1.9784e+07,2.4647e+07,3.3532e+07,2.778e+07,9.3797e+06,2.791e+07,1.7724e+07,2.4979e+05
3.3328e+07,1.7217e+07,1.2849e+07,1.8324e+07,2.4833e+06,2.7948e+07,8.5197e+06,5.7116e+06,1.5818e+07,7.7739e+06,1.0227e+07,1.6703e+07,2.8302e+07,2.7642e+07,1.9155e+06,4.82e+06,8.6191e+06,2.9848e+07,8.3359e+06,1.2509e+07,1.0355e+07,1.4283e+07,4.2685e+06,2.6074e+07,6.9842e+06,2.654e+07,2.8614e+07,1.7047e+05,2.7624e+07,9.5129e+06,3.6901e+06,1.4048e+07,5.3839e+06,1.8634e+06,2.5683e+07,2.8885e+07,2.6576e+07,9.9716e+06,2.8978e+07,2.457e+07
2.0429e+06,2.2392e+07,2.436e+06,3.2548e+06,1.7322e+07,2.4557e+07,9.5366e+06,3.3047e+07,1.9443e+07,3.1452e+07,8.007e+06,2.835e+07,1.516e+07,2.0942e+06,2.5425e+06,2.6422e+07,3.6013e+06,3.3204e+07,1.6754e+07,2.4861e+07,1.1835e+07,2.453e+06,2.7636e+07,8.1182e+06,1.8954e+06,1.9631e+06,2.3794e+07,1.434e+07,2.3426e+07,2.8197e+07,1.2651e+07,1.7879e+07,2.5062e+07,1.341e+07,2.5694e+07,1.5679e+07,2.9602e+07,9.23e+06,2.3944e+07,4.4705e+06
1.1519e+07,1.7504e+07,1.1098e+07,2.3313e+07,2.8825e+07,3.0653e+07,2.9207e+07,2.585e+07,2.5075e+07,2.3629e+07,2.0085e+07,2.2791e+07,1.0056e+07,1.8134e+07,3.1091e+07,2.3671e+07,2.5879e+07,1.9347e+07,3.2309e+07,1.0303e+06,1.7735e+07,8.9853e+06,6.4753e+06,5.8342e+06,6.1719e+06,9.9273e+06,1.2669e+07,2.1282e+07,1.2751e+07,1.5566e+07,2.5358e+07,8.5764e+06,2.287e+07,1.3635e+06,1.5237e+07,2.6743e+07,1.8984e+07,2.0382e+07,2.5228e+07,2.2626e+07
2.455e+07,1.2145e+07,3.0041e+07,3.2606e+07,3.7863e+05,1.8298e+07,2.3788e+07,3.1171e+07,1.1435e+06,3.0704e+07,1.9397e+07,4.7123e+06,1.0367e+07,8.3188e+06,1.587e+06,6.6644e+06,1.0004e+07,3.3204e+07,3.2662e+07,1.6783e+07,1.9782e+07,2.4572e+07,3.3404e+07,3.1944e+07,1.5481e+05,2.9873e+07,8.1835e+06,2.9152e+06,3.0116e+07,3.0168e+07,8.7296e+06,2.502e+07,1.3367e+07,2.3088e+07,78589,2.8201e+07,2.6564e+07,9.201e+06,2.8437e+07,1.0128e+07
4.7774e+06,2.3388e+07,6.9554e+06,6.2847e+06,1.2513e+07,2.3989e+07,1.4245e+07,1.0027e+07,2.2736e+07,1.1244e+07,3.1814e+07,3.8487e+06,3.0646e+07,3.0935e+07,4.6266e+05,1.128e+06,1.783e+07,2.4752e+07,2.3269e+07,1.8332e+07,1.0908e+07,1.9424e+07,3.011e+07,2.9868e+07,1.0195e+07,8.8709e+06,2.2402e+07,1.0333e+07,2.1291e+07,1.8801e+07,3.3456e+06,1.2799e+07,1.9046e+07,1.6834e+06,1.6105e+07,7.816e+05,1.4757e+07,8.1319e+06,2.7227e+07,1.4741e+07
2.979e+07,3.5009e+06,3.1437e+07,1.2533e+07,5.4195e+06,4.9643e+05,1.2293e+07,1.4426e+07,1.4313e+07,5.7454e+05,1.0319e+07,9.069e+06,2.9099e+07,2.4094e+07,7.7158e+06,1.0533e+07,3.285e+07,3.1593e+07,2.5938e+07,2.7888e+07,1.8708e+06,4.7741e+06,1.6921e+07,2.2625e+07,5.9005e+06,1.3092e+07,3.0819e+07,3.229e+07,2.5504e+07,2.4494e+06,1.4194e+07,5.9702e+06,8.725e+06,1.3983e+07,7.8049e+06,5.7401e+06,1.4585e+07,7.5509e+06,3.179e+07,1.2667e+07
1.2057e+07,3.3258e+07,1.0936e+07,2.9942e+07,1.2414e+07,80782,2.5533e+07,1.4316e+07,4.3684e+06,2.8588e+07,1.5789e+07,4.3586e+05,3.1508e+07,1.2662e+07,2.9101e+07,2.9289e+07,7.2696e+05,2.9324e+07,2.9203e+07,3.5968e+06,3.2187e+07,1.3914e+07,3.0775e+07,1.7978e+07,8.3395e+06,2.6236e+07,2.0162e+07,6.8329e+06,1.2626e+07,2.1934e+06,3.3134e+07,1.7325e+07,3.1734e+07,7.2805e+06,2.3043e+07,1.5652e+07,8.5844e+06,2.8079e+07,9.7748e+06,3.8944e+06
1.2836e+07,7.1389e+06,1.7065e+07,1.745e+07,3.0837e+07,3.1715e+07,3.1886e+07,1.6658e+07,1.9342e+07,3.3223e+07,1.9091e+07,2.0603e+07,5.0336e+06,1.0304e+07,2.4366e+07,1.8928e+07,4.89e+06,1.8507e+07,2.0979e+07,2.2935e+07,2.2602e+07,9.8612e+06,4.7691e+06,3.2324e+07,1.9144e+07,6.8756e+06,8.8516e+06,3.0458e+06,2.2767e+07,3.1591e+07,5.1405e+06,2.2391e+07,2.6228e+07,3.0239e+07,1.7085e+07,1.2872e+07,2.5228e+07,1.5212e+07,1.914e+07,1.0853e+07
9.0067e+06,2.4524e+07,2.4389e+05,2.1753e+07,6.8628e+06,2.1961e+07,9.2833e+06,2.881e+07,1.3128e+07,2.4335e+07,9.4802e+06,1.3145e+07,9.3867e+06,1.8983e+07,1.265e+07,4.3423e+06,5.1195e+06,2.3736e+07,8.984e+06,2.8023e+07,5.7276e+06,2.272e+07,8.1551e+06,2.1723e+07,1.1216e+07,1.5492e+07,2.3707e+07,1.1967e+07,1.0321e+07,2.4858e+07,2.6305e+07,1.7973e+07,7.1762e+06,1.2868e+07,2.0176e+07,2.7134e+07,3.19e+06,2.5761e+07,2.9308e+07,2.7883e+07
3.0773e+07,1.373e+07,2.9645e+07,1.6027e+07,1.051e+06,3.2138e+07,1.8552e+07,9.5321e+06,1.3392e+07,1.0734e+07,2.6307e+07,1.9047e+05,2.4656e+07,2.0333e+07,2.2344e+07,2.8066e+07,2.8307e+06,2.3322e+07,1.1509e+07,2.5268e+07,4.4066e+06,2.4191e+07,8.3969e+05,1.3577e+07,2.8795e+07,2.7564e+07,1.1192e+07,2.188e+07,1.3105e+07,1.4834e+07,2.0171e+07,3.3181e+07,2.5018e+06,1.1956e+07,6.9146e+06,1.3529e+07,1.212e+07,2.64e+07,1.8299e+07,2.3814e+07
2.5401e+07,2.8541e+07,7.5527e+06,1.5093e+07,2.9778e+07,3.1052e+06,1.6656e+07,7.6719e+06,3.7157e+06,1.5108e+07,1.0694e+06,7.8415e+06,1.6489e+07,1.155e+07,1.9822e+07,7.7926e+06,2.9866e+07,1.9042e+07,2.7862e+07,5.6323e+06,1.0536e+07,1.9347e+07,4.0826e+06,2.2426e+07,6.0583e+06,5.9711e+06,2.7186e+07,1.9286e+06,1.9571e+07,2.3628e+07,3.0337e+07,9.7134e+06,2.8854e+07,1.3755e+07,3.3487e+07,2.0682e+07,3.2217e+07,1.3015e+06,6.0495e+06,3.7269e+06
1.7615e+07,1.9595e+07,7.3931e+06,2.2904e+07,1.1214e+07,2.3135e+07,3.2719e+07,2.368e+07,2.0098e+07,5.7481e+06,2.8287e+07,1.6442e+07,8.7108e+06,6.8459e+06,3.0779e+07,2.5974e+07,2.6874e+07,4.3178e+06,1.1187e+07,1.1378e+07,7.5703e+06,3.344e+07,7.6378e+06,9.1338e+06,1.1691e+07,1.2325e+07,1.8146e+07,1.8414e+07,3.5728e+06,1.6287e+07,1.259e+07,1.7929e+07,2.5568e+07,1.9154e+07,5.4355e+06,6.5938e+06,1.0156e+06,1.6481e+07,3.9272e+06,1.8578e+07
1.2384e+07,1.3884e+07,1.0247e+07,1.2405e+07,9.7869e+06,2.9314e+07,2.1578e+07,2.5209e+07,2.7472e+07,2.718e+07,1.3079e+07,1.4841e+06,8.0982e+05,2.9255e+07,3.04e+07,1.0633e+07,2.5533e+07,2.1774e+07,2.7615e+07,2.8572e+07,9.3039e+06,3.8419e+06,2.0446e+07,5.2407e+06,1.7877e+06,1.26e+07,3.1399e+07,6.8219e+06,1.4416e+07,1.6892e+07,6.7206e+06,2.1057e+07,6.2824e+05,2.7442e+07,1.1334e+07,5.9437e+06,9.1525e+06,2.2744e+07,1.5019e+07,3.0105e+07
9.5199e+06,1.8725e+07,9.9944e+06,3.171e+07,2.5377e+07,1.9329e+07,1.463e+07,2.7182e+07,2.0865e+07,1.2137e+07,1.9657e+06,2.5124e+07,3.3522e+07,1.9605e+07,6.8629e+06,2.5722e+07,3.3352e+07,1.0892e+07,2.4851e+07,2.521e+07,2.467e+07,2.2632e+07,3.3229e+07,1.4761e+07,2.3623e+07,2.9168e+07,2.1538e+06,6.2504e+06,1.8646e+05,2.9028e+07,1.8806e+07,3.0013e+06,1.4229e+07,1.7109e+06,6.7572e+06,4.8445e+06,1.5455e+07,2.6884e+07,3.7474e+06,1.287e+07
2.829e+07,1.455e+07,3.3261e+07,1.2193e+07,2.5871e+07,2.2438e+07,4.7057e+06,3.2424e+06,3.2684e+07,4.9774e+06,1.195e+07,5.7104e+06,2.5952e+07,2.5287e+07,6.7388e+06,2.9748e+07,1.4766e+07,1.4721e+07,2.2947e+07,3.7461e+06,1.8583e+07,3.2551e+07,2.0242e+07,2.1943e+07,2.2435e+07,1.4566e+07,1.7113e+07,7.7168e+06,1.8501e+07,1.9807e+07,2.7278e+07,2.7378e+07,7.2134e+06,2.3558e+07,2.9536e+07,8.8994e+06,2.8263e+07,2.7013e+07,1.2275e+07,2.4563e+07
1.9088e+07,1.0636e+07,1.0961e+07,1.3328e+07,3.3985e+06,9.1005e+06,1.0264e+06,2.221e+07,3.0416e+07,1.2605e+07,8.6511e+06,2.9381e+07,2.5037e+07,8.9429e+06,1.2193e+07,2.5989e+07,2.8528e+07,2.242e+07,9.2816e+06,7.2059e+06,1.7983e+07,2.1415e+07,1.3435e+06,3.1452e+07,2.5827e+07,1.3207e+07,2.1399e+07,1.8942e+07,1.1805e+07,7.2117e+06,3.3425e+07,2.3643e+07,1.7625e+07,1.3891e+07,7.0319e+06,2.7021e+07,1.3547e+07,3.4526e+06,2.9304e+07,2.0666e+07
2.0933e+07,9.965e+06,2.295e+07,1.4253e+07,2.4525e+07,2.1238e+07,3.0696e+07,8.9188e+06,2.7452e+05,2.4423e+07,2.717e+07,1.2637e+07,1.0726e+07,2.9975e+07,1.5692e+07,3.0939e+07,2.2559e+07,4.1838e+06,1.5289e+07,1.1314e+07,2.7012e+07,1.7655e+07,3.2754e+06,1.5252e+07,3.2274e+07,1.5008e+07,5.3231e+06,1.9569e+07,3.2031e+07,2.8427e+07,2.8943e+06,2.877e+07,3.1632e+07,3.3263e+07,2.7197e+07,8.3207e+06,8.9364e+06,3.5399e+06,9.7193e+06,5.4135e+06
2.4652e+07,1.4855e+07,2.4882e+07,3.3527e+07,2.7673e+07,1.9356e+07,1.653e+07,7.8411e+06,5.1583e+06,2.4098e+07,2.0152e+07,1.7252e+07,2.8238e+07,9.5184e+06,1.681e+07,3.5859e+06,1.1003e+07,2.2036e+07,2.942e+07,2.5572e+07,2.7241e+07,1.605e+07,9.5573e+06,1.5216e+07,9.6415e+06,1.1992e+07,2.0573e+07,1.3909e+07,3.0916e+07,1.0774e+07,2.52e+07,6.892e+06,1.0189e+07,9.0147e+06,2.3258e+07,5.5986e+06,1.7836e+07,6.7548e+06,5.2738e+06,2.5399e+07
3.0694e+07,7.3738e+06,5.6606e+06,2.6816e+07,2.0515e+07,2.5954e+07,1.8586e+07,9.8522e+06,1.9817e+07,5.4931e+06,1.2463e+07,3.0265e+07,1.3773e+07,2.7854e+07,3.2663e+07,1.8826e+07,2.2946e+07,1.8313e+07,2.5135e+07,2.1587e+07,4.8955e+06,2.8119e+07,4.3664e+06,2.3037e+07,3.1551e+07,1.5279e+07,3.7374e+06,2.0674e+06,2.6045e+07,91068,2.036e+07,1.1976e+07,1.324e+07,1.3307e+07,1.4071e+07,2.7751e+07,2.4362e+07,3.0375e+07,2.6261e+07,1.0969e+07
6.7665e+06,2.1978e+07,3.6544e+06,2.9728e+07,1.9707e+07,2.6216e+07,2.002e+07,5.855e+06,2.6999e+06,2.7808e+07,5.1496e+06,2.0631e+06,1.9793e+07,1.5622e+07,1.5514e+07,3.0512e+07,5.3499e+06,2.6642e+07,2.2573e+07,3.0836e+07,1.8849e+07,6.7575e+06,8.56e+06,2.0878e+07,1.2617e+07,1.2044e+07,9.6136e+05,2.5749e+07,7.9653e+06,2.2344e+07,2.5115e+07,2.4442e+07,2.7323e+07,2.4833e+07,2.1626e+07,3.322e+06,3.3534e+07,1.4029e+07,2.5495e+06,2.4872e+07
3.3545e+07,1.842e+07,1.9902e+07,5.1812e+06,2.1362e+07,1.8323e+07,9.5434e+06,2.207e+07,3.3361e+07,1.7109e+07,6.8867e+06,2.1221e+07,2.2921e+07,1.5272e+07,2.8334e+06,3.3235e+07,1.3203e+06,2.4875e+07,1.9694e+07,3.2099e+07,1.3417e+07,1.7235e+07,2.662e+07,1.3268e+07,5.3908e+06,1.9108e+07,2.0038e+07,2.7543e+07,3.3332e+07,1.1496e+07,20839,2.1155e+06,1.5635e+07,3.3126e+07,1.3269e+06,1.23e+07,5.7053e+06,2.908e+07,2.1414e+07,2.9765e+07
6.25e+06,2.9444e+07,2.0642e+07,2.5426e+07,1.8284e+07,6.5964e+06,2.5523e+07,5.7799e+06,2.8909e+07,2.7901e+07,2.5134e+07,2.42e+07,1.7551e+07,3.0609e+07,9.4252e+06,3.7157e+06,1.1893e+07,3.953e+06,2.0332e+07,1.2076e+07,1.9298e+07,2.0783e+07,2.4188e+07,1.8697e+07,1.5083e+07,1.1594e+07,2.0217e+06,1.49e+07,7.4115e+06,2.4319e+07,2.4927e+07,8.7568e+06,1.3184e+05,2.6364e+07,3.3119e+07,2.0418e+07,1.206e+07,3.2357e+07,2.93e+07,1.4601e+07
2.5664e+07,1.6283e+07,2.2976e+06,1.7377e+07,1.3629e+07,1.9519e+07,3.2426e+07,3.2298e+07,3.3501e+07,1.7231e+07,2.4226e+07,4.8934e+06,6.2694e+06,7.976e+06,3.0857e+07,2.7401e+06,2.3351e+07,6.3312e+06,2.7416e+07,1.0884e+07,2.6857e+07,2.7378e+07,1.0638e+07,6.821e+06,5.4183e+06,3.058e+07,2.3732e+07,4.0493e+06,2.1488e+07,4.9979e+06,2.7347e+06,2.4991e+07,6.473e+06,23737,7.2584e+05,1.3496e+07,1.9834e+07,1.5815e+06,1.0628e+05,1.934e+07
1.1762e+07,5.4459e+06,2.0913e+07,1.849e+07,2.8502e+07,1.3469e+07,1.8127e+06,3.3492e+07,1.4515e+06,4.227e+06,1.5372e+07,2.6922e+07,1.3548e+07,2.5326e+07,1.1402e+07,1.1541e+07,2.054e+07,3.1562e+07,5.9445e+06,3.9446e+06,1.5392e+07,3.2762e+07,2.6626e+07,5.2695e+06,2.6509e+07,2.4065e+07,1.0254e+07,4.8176e+06,3.3316e+07,2.594e+07,1.7221e+07,1.269e+07,8.9358e+06,2.0026e+07,3.62e+06,2.2932e+07,6.9202e+06,2.9809e+07,2.0757e+07,1.1963e+06
2.8502e+07,4.6946e+06,7.7418e+06,1.2603e+07,6.8147e+06,2.2393e+07,4.2034e+06,2.8097e+07,2.3582e+07,9.8678e+06,2.5266e+07,2.804e+07,9.115e+06,1.7609e+07,3.3526e+05,2.4906e+07,3.2462e+07,3.2752e+07,2.2264e+07,1.4084e+07,2.8436e+05,1.2178e+07,2.3141e+07,1.3577e+07,7.9476e+06,3.2103e+07,8.2728e+06,1.2775e+06,8.8351e+06,2.7081e+07,2.673e+07,4.2558e+06,4.3055e+06,2.1884e+06,2.7849e+07,1.9683e+07,1.1386e+07,2.5424e+07,2.2754e+07,9.0728e+06
2.0591e+07,1.5979e+07,6.737e+06,1.9747e+07,2.8852e+07,2.4816e+07,2.8467e+07,1.7267e+07,1.1446e+07,6.08e+06,2.7457e+06,1.5538e+07,3.0652e+06,1.9781e+07,2.8197e+07,1.3607e+06,1.2913e+07,1.7781e+07,2.1755e+07,3.666e+06,2.5425e+07,1.3222e+07,1.185e+06,2.0996e+06,3.3524e+05,1.9324e+07,2.5545e+07,2.9213e+06,2.1109e+06,2.1479e+07,3.0363e+07,1.3758e+07,2.6229e+07,1.6978e+07,8.8049e+06,1.2724e+07,1.5856e+07,2.4152e+07,1.9444e+07,1.5689e+07
8.6824e+06,2.1587e+07,1.285e+06,2.0347e+06,2.4819e+07,7.3221e+05,2.178e+07,2.9798e+07,3.0192e+07,9.8677e+06,2.7273e+07,1.9042e+07,3.1308e+07,2.6794e+07,9.2836e+06,3.3502e+07,2.4386e+07,9.6171e+06,1.9849e+07,2.5136e+07,1.5107e+07,1.3792e+06,3.2068e+07,1.621e+07,2.7919e+06,1.7855e+06,2.1169e+07,1.023e+07,2.4838e+07,1.8889e+07,2.3906e+07,2.1665e+07,1.0296e+07,1.824e+07,2.676e+07,2.2752e+07,3.2679e+07,2.2154e+07,8.2729e+06,1.5126e+07
8.4538e+06,2.5518e+07,1.7523e+07,3.6445e+06,2.3028e+07,2.2232e+07,3.0392e+07,1.6435e+07,1.5547e+07,2.2261e+07,3.1458e+07,1.0968e+07,7.7888e+05,2.594e+07,2.8478e+06,1.7973e+07,2.6789e+07,1.8372e+07,2.6938e+07,1.0589e+07,1.3304e+07,1.5793e+07,8.8593e+06,2.6083e+07,1.6579e+07,2.1036e+07,1.7188e+07,2.8336e+07,2.6877e+07,1.6632e+07,2.9096e+07,1.668e+07,3.2273e+07,2.4439e+06,1.2664e+07,1.9828e+07,7.2428e+06,2.2697e+07,2.2384e+07,2.533e+07
2.6214e+07,2.0664e+07,2.7176e+07,9.7336e+06,8.7309e+06,2.0215e+06,2.4224e+07,1.4967e+07,4.1567e+06,2.3774e+07,3.2948e+07,1.4736e+07,5.7607e+06,2.671e+05,9.3012e+06,1.5005e+07,1.3528e+06,1.9148e+06,1.4726e+06,2.1991e+07,1.0551e+06,2.8898e+07,6.5798e+06,7.7508e+06,3.143e+06,3.0719e+07,5.4645e+06,1.186e+07,2.7321e+06,2.0018e+07,1.2962e+07,1.5809e+07,3.3108e+07,5.4946e+06,3.17e+07,1.5504e+07,3.1613e+07,1.109e+07,2.9828e+07,1.0672e+06
2.3896e+07,2.8727e+07,9.7018e+06,2.082e+07,3.2893e+07,1.7031e+07,2.7232e+07,2.3123e+07,1.2295e+06,3.7809e+06,3.3117e+07,8.7113e+06,2.4081e+06,5.3477e+05,1.6752e+07,7.1418e+06,2.6935e+07,1.9109e+07,1.1067e+07,1.732e+07,1.3871e+07,1.822e+07,3.253e+07,2.5112e+06,1.5838e+06,9.2293e+06,2.0707e+07,1.3328e+07,2.3718e+07,1.3001e+07,4.2144e+06,1.1945e+07,2.8119e+07,2.4125e+07,1.9014e+07,9.3846e+06,1.9641e+07,1.3058e+07,5.8121e+06,8.1359e+05
3.0689e+07,2.8395e+07,2.9218e+07,2.5244e+07,2.0538e+07,6.7453e+06,8.6265e+06,3.2172e+05,1.1385e+07,2.5145e+07,9.4488e+06,1.2937e+05,1.0231e+06,2.3201e+07,9.1337e+06,3.3107e+06,1.28e+07,2.1252e+07,1.1443e+07,2.1171e+07,2.1916e+07,3.0758e+07,2.4098e+07,3.7896e+06,2.2986e+07,7.9804e+06,2.9468e+07,2.1125e+07,1.8973e+06,2.3476e+07,1.4445e+07,7.8722e+06,2.2271e+07,1.9844e+07,2.5352e+07,1.0972e+07,2.4578e+07,9.8569e+05,3.6434e+06,2.9472e+07
1.102e+07,3.2935e+07,1.987e+07,8.7076e+06,1.1821e+07,1.6354e+07,9.284e+06,2.6913e+07,8.9226e+06,6.3873e+06,2.4939e+07,2.2801e+07,2.3518e+07,5.5022e+06,1.2928e+07,2.1321e+07,5.1339e+06,5.478e+06,2.7222e+07,2.7611e+07,2.9446e+07,3.9913e+06,2.1514e+07,1.8872e+07,2.8757e+07,2.5088e+07,1.035e+06,2.864e+07,1.5728e+07,1.6303e+07,1.7307e+07,1.3035e+07,1.2895e+07,6.8719e+06,3.6493e+06,2.3993e+07,7.4858e+05,3.3476e+07,2.5475e+06,1.3164e+07
5.1431e+06,2.1856e+07,5.3858e+06,1.0722e+07,4.9942e+06,5.4082e+06,8.459e+06,1.6191e+07,1.4364e+07,3.003e+07,9.6492e+06,1.007e+07,1.8952e+07,2.5753e+07,3.0415e+07,1.2283e+07,1.0265e+07,2.0261e+07,1.6415e+07,8.2018e+06,2.9273e+07,1.7828e+07,2.455e+07,1.3584e+07,2.4227e+07,2.3616e+07,9.978e+06,2.7038e+06,2.0775e+07,1.5716e+07,3.1972e+07,1.1249e+07,2.3273e+07,1.5596e+07,8.5031e+06,1.601e+07,2.0531e+07,1.5058e+07,2.8897e+06,3.2644e+07
1.1142e+07,2.1933e+07,1.6552e+07,7.8241e+05,1.3667e+06,1.3554e+07,1.5742e+07,3.2005e+07,9.6961e+06,2.2091e+07,2.2386e+07,3.3425e+05,2.4028e+07,1.583e+07,2.9556e+06,1.5256e+07,1.24e+07,3.1731e+07,8.2494e+06,2.6621e+07,3.0325e+07,3.0449e+07,7.5691e+06,1.1212e+07,5.6568e+05,1.4011e+07,2.7388e+07,2.8221e+07,2.8205e+06,3.2541e+07,5.0716e+06,2.6038e+07,1.6858e+07,2.4333e+07,2.6224e+07,3.1948e+07,2.0421e+07,1.021e+07,3.0046e+07,1.2006e+07
3.9739e+06,1.2119e+07,1.4651e+07,2.3707e+07,3.0014e+07,3.6869e+06,2.9269e+07,2.9302e+06,7.2375e+06,2.5311e+05,1.3249e+07,2.2616e+07,2.6493e+07,1.7422e+07,1.864e+07,1.656e+07,3.1385e+07,2.9922e+07,1.9581e+07,1.7268e+07,1.1758e+07,5.6708e+06,2.1718e+07,5.0615e+06,4.4432e+06,3.4849e+06,2.7535e+07,3.5886e+06,1.2092e+07,2.5428e+07,2.9124e+07,2.5743e+06,1.9012e+07,1.1608e+07,5.7549e+06,2.7775e+07,1.9877e+07,2.735e+07,1.1458e+07,3.0263e+07
3.9039e+06,1.9848e+07,2.1654e+07,2.03e+06,2.7289e+07,3.2165e+07,2.5458e+07,1.6505e+07,1.9896e+07,1.2509e+07,4.968e+06,9.7924e+06,2.1372e+07,1.5076e+07,2.9088e+07,2.3275e+07,2.0259e+07,1.3106e+07,1.5834e+07,9.6952e+06,3.2701e+07,2.7242e+06,1.4361e+07,2.7367e+06,2.8616e+07,2.9659e+07,7.5918e+06,1.6068e+07,2.1429e+07,1.363e+07,3.0518e+06,2.3535e+07,2.63e+07,2.2987e+07,2.3472e+07,1.1099e+07,2.2592e+07,2.7544e+07,2.967e+07,2.6262e+07
1.5645e+07,2.6443e+07,9.1974e+06,2.2608e+06,3.303e+07,1.5629e+07,5.0106e+06,1.2506e+07,1.354e+07,1.8746e+07,2.6669e+07,8.9352e+06,1.2186e+07,4.0452e+06,1.7353e+07,2.6683e+07,3.0311e+07,4.7158e+06,7.6026e+06,1.0289e+07,1.69e+07,7.4006e+06,1.2534e+07,1.2815e+07,2.47e+07,2.7194e+07,2.5205e+07,6.798e+06,1.7449e+06,3.2589e+07,3.6246e+05,1.7159e+07,4.8805e+06,1.8035e+07,3.0048e+07,1.5231e+07,5.66e+06,1.2612e+07,8.9803e+06,3.3087e+07
3.0164e+07,2.1161e+07,1.0413e+07,1.8755e+07,2.5978e+07,2.7571e+06,2.4421e+07,1.5189e+07,4.8586e+06,2.9481e+06,3.0097e+07,1.5235e+07,2.982e+07,1.36e+07,1.8499e+07,2.9004e+06,2.6075e+07,4.3051e+06,3.8406e+06,1.8961e+07,3.2486e+07,1.4216e+07,1.674e+07,2.6388e+07,1.9596e+07,1.5768e+07,1.5874e+07,1.139e+07,2.1066e+07,4.2066e+06,1.8713e+07,3.0799e+07,1.1319e+07,1.0996e+07,1.9347e+07,2.3092e+07,2.1008e+07,3.1198e+07,1.1119e+07,1.3988e+07
1.1268e+07,7.9786e+06,1.3429e+07,3.2008e+07,6.4837e+06,2.0408e+07,5.1863e+06,8.6144e+06,2.683e+07,7.8434e+06,1.2413e+07,1.0651e+07,2.9719e+07,9.3728e+05,2.1146e+07,7.796e+06,2.3923e+07,2.5464e+06,3.2559e+07,1.356e+07,2.7873e+07,9.5914e+06,5.0331e+05,1.9329e+07,1.9315e+06,2.0283e+07,2.0709e+07,2.6264e+07,1.8288e+07,1.5905e+07,1.1131e+07,9.411e+06,2.8533e+07,7.0912e+06,4.5362e+06,1.8884e+07,2.305e+07,1.2168e+07,2.305e+07,1.1562e+07
2.7822e+07,2.2177e+07,1.1923e+07,2.7386e+06,2.0155e+07,3.0105e+07,3.1976e+07,1.446e+07,3.0928e+07,1.8798e+07,3.1388e+07,17053,1.4508e+07,2.0308e+07,2.6514e+07,3.266e+07,2.8417e+07,3.3478e+07,2.172e+07,5.2501e+06,9.3094e+05,3.1789e+07,3.496e+06,1.8829e+07,2.568e+07,1.8109e+07,1.5836e+07,2.3742e+07,9.2367e+06,1.5765e+07,2.9008e+07,1.9741e+07,3.3109e+07,3.1563e+07,3.1784e+07,1.9026e+07,4.1029e+05,1.0473e+07,2.9285e+07,5.6086e+06
2.9004e+07,2.2172e+07,3.665e+06,3.2675e+07,6.8573e+06,1.8212e+07,6.401e+05,1.9419e+07,1.4623e+07,6.4352e+06,3.1223e+07,2.7101e+07,2.2396e+07,1.0099e+07,1.9101e+06,2.3547e+06,2.2547e+07,1.8294e+07,1.6274e+07,1.8934e+07,2.7139e+07,2.6692e+07,3.765e+06,1.6813e+07,2.341e+06,2.9089e+07,2.9487e+07,2.9903e+07,2.1375e+07,2.3516e+07,1.3341e+07,2.6172e+07,9.3626e+06,4.2537e+06,2.8853e+07,3.3204e+07,2.1954e+07,1.6794e+06,2.7796e+07,3.0859e+07
2.8766e+06,3.1079e+07,2.9792e+07,8.1425e+06,1.3416e+07,3.4984e+06,3.2089e+07,5.868e+06,1.7085e+07,1.4191e+07,2.1288e+07,1.8348e+07,4.3317e+06,1.6616e+07,1.6789e+07,1.4345e+07,2.0258e+07,2.9396e+06,7.2279e+06,1.2158e+07,7.7235e+06,4.7057e+06,2.4089e+07,9.5303e+06,1.9038e+07,3.4045e+06,3.1739e+07,1.2243e+07,2.1309e+07,3.2411e+07,1.7929e+07,1.0954e+06,1.1208e+07,2.8149e+06,2.6442e+07,1.3518e+07,4.3721e+06,2.3778e+07,2.2198e+07,9.3538e+06
1.656e+07,2.4893e+07,1.5743e+07,2.9772e+07,1.2056e+07,2.5472e+07,2.4835e+06,3.6234e+05,1.9647e+07,2.8757e+07,1.9452e+07,3.1986e+07,1.1347e+07,1.0626e+07,2.4781e+07,4.994e+06,3.3413e+07,9.1317e+06,5.0545e+06,2.5066e+07,5.5919e+06,2.6795e+07,2.5628e+07,2.9134e+06,3.2976e+07,2.2587e+07,9.6055e+06,9.0408e+06,1.6986e+07,1.9196e+07,6.4352e+06,1.9877e+07,1.4528e+07,4.2653e+06,5.3548e+06,7.2795e+06,9.8651e+06,2.6192e+07,1.0863e+07,1.9164e+07
6.6661e+06,3.0098e+06,1.8221e+07,5.4489e+06,1.6019e+05,1.8319e+07,2.1161e+07,1.3191e+07,1.9042e+07,2.7936e+06,1.6808e+07,2.8882e+06,8.4555e+06,5.8059e+06,1.0972e+06,2.941e+07,1.9377e+06,1.569e+07,2.0379e+07,1.2003e+07,1.4975e+07,2.6717e+07,2.7305e+07,1.0167e+07,8.283e+06,1.3064e+07,5.5132e+06,2.5206e+07,2.0321e+06,3.0648e+06,3.1538e+07,1.9585e+07,2.8789e+07,1.2761e+07,1.2092e+07,9.8005e+06,2.8731e+06,2.1663e+07,3.1313e+07,1.8267e+07
2.0949e+07,1.132e+07,3.3458e+07,2.3968e+07,2.0334e+07,1.1894e+07,6.4982e+06,7.3912e+06,2.0407e+06,2.6283e+07,5.8453e+06,6.781e+06,2.2541e+06,2.64e+07,7.1733e+06,7.6359e+06,2.4469e+07,2.3915e+07,7.6846e+06,1.3404e+07,1.9706e+07,1.6613e+07,3.2112e+07,2.9923e+07,2.4286e+07,3.0563e+06,1.059e+07,6.0616e+06,3.5114e+06,9.4077e+06,3.3284e+07,1.4733e+07,6.8112e+06,2.4869e+07,3.2755e+07,1.6925e+07,3.2148e+07,3.1008e+07,1.7256e+07,1.182e+07
2.1319e+07,9.2181e+06,1.139e+07,2.6812e+07,7.9835e+06,6.382e+06,2.93e+07,3.5962e+05,2.727e+07,1.5597e+07,1.3298e+07,1.394e+07,1.0241e+07,1.6055e+07,1.0217e+07,1.0155e+07,2.7858e+07,1.6701e+07,2.0719e+07,2.2612e+07,6.6365e+06,1.3873e+07,1.996e+07,1.2964e+07,2.0477e+07,5.4219e+05,1.7341e+07,1.8135e+07,3.146e+07,3.1522e+07,1.4012e+07,9.8379e+06,2.0491e+05,1.1772e+07,1.6823e+07,2.8505e+06,5.9215e+06,2.1553e+07,3.1181e+07,2.8051e+07
1.1398e+07,9.0952e+05,7.7153e+06,2.1561e+07,1.8259e+07,9.4256e+06,1.2221e+07,2.0012e+07,2.793e+07,2.4073e+07,4.4388e+06,7.5034e+06,7.2731e+06,8.6336e+06,2.9865e+07,2.4668e+07,1.7123e+07,1.5581e+07,9.6913e+05,1.4259e+07,8.7831e+06,1.2331e+07,5.6841e+06,2.4593e+07,1.0566e+07,2.2026e+07,2.224e+07,1.7646e+07,1.9151e+07,2.6019e+07,3.1457e+07,3.2318e+07,4.6433e+05,1.2511e+06,3.2031e+07,1.2532e+07,1.9604e+07,1.9325e+07,1.384e+07,1.7778e+07
1.2437e+07,2.8154e+07,1.9394e+07,3.9952e+06,2.4092e+07,2.9361e+06,8.988e+06,3.3494e+06,1.3332e+07,2.1824e+07,3.1664e+07,8.3825e+06,1.0417e+07,2.057e+07,2.3561e+07,9.6516e+06,6.2778e+06,1.7733e+07,9.3424e+06,1.5061e+07,1.3215e+06,3.1461e+07,3.9624e+06,1.7582e+07,2.6261e+07,1.0923e+07,2.0766e+07,2.5354e+06,1.313e+06,2.4977e+06,2.8537e+07,2.7182e+07,1.0661e+07,2.4252e+07,2.8461e+07,2.0677e+06,2.2261e+07,2.7613e+07,3.5017e+06,3.145e+06
2.0051e+07,2.1621e+07,2.3848e+06,3.2102e+07,3.8061e+06,1.4462e+05,2.1165e+07,2.8585e+07,1.497e+07,2.9333e+07,2.7487e+07,5.9526e+06,3.82e+06,1.5214e+07,3.1293e+07,2.1763e+07,1.0209e+06,3.3377e+07,1.9176e+07,2.7357e+07,1.0597e+07,3.7811e+06,1.9667e+06,2.9491e+07,2.5682e+06,1.6947e+07,5.7396e+06,3.0535e+06,2.7748e+06,8.539e+06,1.983e+07,9.3401e+06,7.8234e+06,6.9034e+06,1.0631e+07,3.1569e+07,1.2321e+07,1.214e+06,9.8143e+06,2.8504e+07
1.5888e+07,1.7204e+07,7.1916e+06,3.0996e+07,5.5537e+06,9.5998e+06,1.3454e+05,1.4638e+07,1.2901e+07,3.3287e+07,8.8229e+06,6.8976e+06,3.18e+06,4.6621e+06,3.1187e+07,2.7158e+07,2.9223e+07,2.8923e+07,7.5266e+06,2.3065e+07,1.006e+07,2.5805e+07,2.7834e+07,2.6596e+07,2.0476e+07,4.8108e+06,3.0922e+07,1.4198e+07,4.3167e+06,2.4624e+06,1.9126e+07,4.6331e+06,4.0497e+06,1.2753e+07,3.3394e+07,1.1771e+07,3.0452e+07,1.5757e+07,8.8709e+06,8.5326e+06
5.355e+06,1.8792e+07,6.5025e+06,3.304e+06,1.0075e+07,7.7615e+06,2.033e+07,1.6046e+07,3.1171e+07,1.4491e+07,2.051e+07,2.5557e+06,8.4326e+05,4.4839e+06,4.9645e+06,1.5976e+07,1.3786e+07,2.615e+07,1.9773e+07,7.3575e+06,2.9807e+07,3.0778e+07,2.1632e+07,1.3042e+07,3.1638e+07,2.0534e+07,2.8418e+07,5.9701e+06,3.0623e+07,5.4546e+06,4.4045e+06,9.2754e+06,1.1622e+07,2.9673e+06,6.444e+06,1.0945e+07,2.5884e+07,3.0448e+07,1.1799e+07,1.303e+07
5.3275e+06,2.8418e+07,7.1501e+06,16774,3.2264e+07,3.2754e+07,2.6602e+07,6.2006e+06,5.0008e+06,8.6761e+06,2.0676e+07,3.1688e+07,1.5223e+07,9.4624e+06,3.9546e+05,3.4689e+06,2.9132e+07,4.9041e+06,2.3527e+07,2.1704e+07,6.9829e+06,1.2871e+07,2.6636e+07,2.5935e+07,2.623e+07,1.7107e+07,8.6218e+06,2.0127e+07,1.8943e+07,1.1894e+07,5.4043e+06,1.756e+07,5.1955e+06,3.0369e+07,2.3505e+07,3.1337e+07,1.7658e+07,9.2188e+06,7.7373e+06,1.0455e+07
1.227e+07,3.3371e+07,5.1329e+06,2.7931e+07,9.1856e+06,3.0625e+07,1.5828e+07,3.3089e+07,2.9286e+06,2.0257e+07,1.2862e+06,9.8602e+06,1.6285e+07,5.6593e+06,2.0432e+07,1.6933e+07,2.6362e+07,4.7286e+06,1.1551e+07,4.8763e+06,1.6389e+07,1.5766e+07,2.8204e+07,1.7871e+07,2.7425e+07,2.5318e+07,1.3095e+06,3.502e+06,9.7344e+06,1.8277e+07,4.0779e+06,2.0323e+07,2.2148e+07,1.21e+07,8.944e+06,2.9827e+07,1.2587e+07,2.2628e+07,1.0865e+07,2.7153e+07
2.9922e+06,1.1434e+07,1.6805e+07,4.4222e+06,3.24e+07,1.371e+07,3.2589e+07,2.1377e+07,1.5456e+07,8.441e+06,5.9714e+06,1.9764e+07,5.3525e+06,1.3479e+07,2.1414e+07,2.3512e+07,1.503e+07,9.2352e+06,2.2502e+06,1.7419e+07,1.8654e+07,2.7136e+07,2.0413e+07,1.7021e+07,1.819e+07,1.5223e+07,9.1027e+06,2.7823e+07,1.5866e+07,2.1594e+07,2.0022e+07,4.5617e+06,8.3421e+06,1.1034e+07,1.8415e+06,2.4178e+07,2.6556e+07,3.2824e+07,3.3282e+06,2.3458e+07
2.2481e+07,3.1042e+07,1.9283e+07,3.0628e+07,3.1123e+07,9.6541e+06,3.1564e+07,2.7332e+07,1.7623e+07,2.7501e+07,2.3375e+07,2.9343e+07,1.9049e+07,2.2764e+07,9.6692e+05,2.5482e+07,5.8861e+06,1.8786e+07,1.7857e+07,1.0201e+07,2.349e+07,3.1946e+07,1.828e+07,8.6935e+06,7.0759e+05,2.5415e+07,2.6399e+05,8.9085e+06,1.8457e+07,4.6485e+06,1.4967e+07,4.7595e+06,2.9381e+07,1.8459e+07,1.9614e+07,1.7811e+07,2.8843e+07,1.7018e+07,2.4705e+07,2.8772e+07
4.5572e+06,1.059e+07,1.3854e+07,8.6317e+05,2.0771e+07,1.6807e+07,1.1569e+07,2.616e+05,2.3083e+07,1.1745e+07,3.2953e+07,2.7399e+07,1.4649e+07,1.9215e+07,3.2592e+07,3.1375e+07,1.8055e+07,3.0797e+07,2.5542e+07,3.2839e+07,1.4066e+07,6.1982e+06,2.9773e+07,3.2669e+07,2.8652e+07,1.615e+06,6.7929e+06,2.7868e+07,1.085e+07,2.9805e+07,4.431e+06,3.2006e+07,7.753e+06,1.8112e+06,1.9924e+07,3.0389e+07,2.7811e+07,3.1025e+07,1.3789e+07,1.8871e+07
2.2204e+07,5.3087e+06,2.8942e+07,1.3662e+07,2.6909e+07,6.1469e+06,3.3142e+07,2.8855e+07,2.7643e+07,1.361e+07,2.3028e+06,2.0492e+07,3.3252e+07,1.4651e+07,5.3212e+06,2.9757e+07,5.4929e+06,58249,2.9003e+07,3.2683e+07,2.4212e+07,2.4181e+07,1.8453e+07,2.02e+07,3.5588e+06,2.3107e+07,2.7701e+07,2.6441e+07,3.3644e+06,3.0719e+07,1.2146e+07,1.0894e+07,3.21e+07,3.0474e+06,2.5294e+07,1.2607e+07,2.9766e+06,3.2866e+07,2.2722e+07,2.7811e+07
3.2301e+07,2.118e+07,9.5601e+05,1.6634e+07,6.1649e+06,2.0615e+07,1.2697e+07,2.124e+07,2.8425e+07,2.5211e+07,1.2599e+07,2.3086e+07,1.7673e+06,2.7013e+07,2.4333e+07,1.1959e+06,1.6835e+07,3.1142e+07,8.3213e+06,3.0908e+07,5.0983e+06,7.7125e+06,2.8048e+07,2.6254e+07,2.3485e+07,2.845e+07,4.35e+06,5.418e+06,6.7674e+06,1.7856e+07,2.9443e+07,1.9725e+07,1.0934e+07,2.3009e+07,2.5329e+06,9.6363e+06,1.9889e+07,5.8113e+06,7.0795e+06,2.9914e+07
2.946e+07,6.2263e+06,1.0125e+07,1.1721e+07,5.9392e+06,6.0366e+06,2.6221e+07,2.269e+07,1.8104e+07,2.0848e+07,8.8e+06,1.0475e+07,2.8646e+07,1.9827e+06,1.1286e+07,3.1625e+07,4.3701e+06,2.5382e+07,2.2347e+06,3.181e+07,2.1934e+07,3.4644e+06,1.3431e+07,1.9133e+07,2.1206e+07,9.0519e+06,2.4833e+07,1.2541e+07,2.5937e+07,2.4922e+07,3.1675e+07,3.2817e+06,1.0716e+07,20502,1.6708e+07,3.2493e+07,8.0668e+05,1.6775e+07,1.3967e+07,2.7756e+07
2.4116e+07,1.4084e+06,2.5655e+07,6.1414e+06,2e+07,2.0117e+07,2.8431e+07,2.8836e+07,5.1387e+06,2.4679e+07,2.8978e+07,3.1856e+07,1.2859e+07,3.1364e+06,6.6761e+06,1.2109e+07,3.1009e+07,1.4733e+07,1.2654e+07,1.5932e+07,2.84e+06,1.6036e+07,2.588e+07,5.0267e+06,1.0186e+07,3.3048e+07,1.3293e+07,2.227e+07,2.59e+07,2.0596e+07,5.9711e+06,6.5466e+05,6.6355e+06,1.8433e+07,1.0418e+07,6.7716e+06,1.6759e+07,2.044e+07,2.7105e+07,2.065e+07
1.361e+07,1.5808e+07,2.4517e+05,1.465e+07,5.3809e+06,1.5744e+07,2.7395e+07,1.8357e+07,1.3878e+06,9.3883e+06,1.7697e+06,1.1797e+07,4.7097e+06,1.2074e+07,6.783e+06,9.7731e+06,2.5156e+07,2.6508e+07,3.3358e+07,2.9424e+07,6.936e+06,7.0561e+06,3.1629e+07,2.2378e+07,3.0136e+06,1.6409e+07,5.1828e+06,2.9378e+07,2.969e+07,2.2121e+07,9.06e+05,3.2147e+07,2.1675e+07,3.0201e+06,9.4624e+06,2.5735e+07,6.5734e+06,8.3649e+05,4.4204e+06,1.1711e+07
2.3137e+07,3.208e+06,1.6751e+07,4.4283e+06,2.1034e+07,1.8249e+07,2.026e+07,2.6996e+07,1.7529e+07,3.3906e+06,2.2764e+07,2.7466e+07,1.2617e+07,2417,5.4645e+05,8.7083e+06,3.1634e+07,1.345e+07,5.0313e+06,1.0233e+07,5.5597e+06,1.2554e+07,2.2288e+07,2.455e+07,4.5288e+06,8.3359e+06,3.2762e+07,2.3617e+07,1.4348e+07,4.8254e+06,1.5386e+07,2.0141e+07,2.5305e+07,6.2492e+06,2.7614e+07,7.6788e+06,3.0398e+07,3.1995e+07,1.6828e+07,1.1144e+07
6.527e+06,2.6547e+06,5.4908e+06,2.1235e+07,2.5447e+07,1.631e+07,8.9729e+06,2.0855e+07,2.8185e+07,6.6512e+06,2.6407e+07,1.8065e+07,1.708e+07,1.8689e+07,1.0705e+07,1.3801e+07,3.0348e+07,2.9069e+07,3.0955e+07,1.8916e+07,6.252e+06,2.2703e+07,1.1989e+07,6.0458e+06,1.3874e+07,2.6876e+07,8.4317e+06,2.2313e+07,5.938e+06,1.4498e+07,3.2152e+06,1.0098e+07,2.4149e+07,1.2869e+07,1.471e+07,3.0508e+05,5.7892e+06,2.7917e+06,2.1982e+07,1.4593e+07
2.1558e+07,1.7378e+07,4.4165e+06,1.4405e+07,3.3335e+07,1.2773e+07,2.815e+07,1.6338e+06,6.0331e+06,2.3596e+07,9.9944e+06,1.4202e+07,1.791e+07,2.5892e+07,7.9865e+06,2.0992e+07,2.4092e+07,7.344e+06,1.6418e+07,2.9726e+07,3.354e+07,2.6393e+07,5.4637e+06,2.1036e+07,1.0952e+07,2.0117e+07,2.5119e+07,2.8942e+07,2.0645e+06,2.0378e+07,1.3927e+07,1.3894e+07,1.2517e+07,8.1405e+06,1.7033e+07,3.2818e+07,1.5364e+07,3.2759e+07,1.4622e+06,1.8527e+07
2.9373e+07,1.0049e+07,2.112e+06,1.9931e+07,6.3996e+06,9.9236e+06,7.8986e+06,2.1166e+07,1.2674e+06,1.5069e+07,7.1722e+06,1.3012e+07,1.1295e+06,3.1693e+07,1.5414e+07,2.6525e+07,3.5876e+06,2.5517e+07,3.264e+07,3.0912e+06,1.2606e+07,1.7307e+07,1.328e+05,3.1789e+07,1.5151e+07,3.2989e+07,7.8224e+06,1.2328e+07,8.8194e+06,4.4452e+05,2.3615e+06,1.2693e+07,1.8786e+07,7.9205e+06,1.9826e+07,2.9981e+07,2.1843e+07,1.6908e+07,2.1622e+07,2.5477e+07
3.8346e+06,1.4538e+07,9.5554e+06,2.9144e+07,2.2466e+06,2.0515e+07,1.1554e+07,9.0488e+06,1.913e+07,4.4353e+06,4.5289e+06,3.1374e+07,1.1262e+07,6.631e+06,2.4016e+06,3.0594e+07,3.211e+07,1.2057e+07,3.2243e+06,2.9982e+07,1.2873e+07,5.306e+06,2.1538e+07,1.2888e+06,2.2431e+06,1.8085e+07,3.0812e+07,5.594e+06,4.1812e+06,4.5952e+05,2.5594e+07,2.4252e+07,2.867e+07,8.3872e+06,2.0633e+07,1.6311e+06,3.7848e+06,1.1682e+07,1.5836e+07,2.6687e+06
1.1037e+07,1.8394e+07,2.5557e+07,5.0828e+06,3.072e+07,2.4706e+07,3.0489e+07,2.0431e+07,2.0991e+07,1.2002e+07,2.9714e+07,8.8553e+06,3.5104e+06,1.0899e+07,1.7626e+07,6.0731e+06,1.8153e+07,9.8348e+06,3.238e+07,1.178e+07,1.4539e+07,2.8356e+07,1.142e+07,2.1865e+07,1.7696e+07,2.2639e+06,1.0152e+07,1.6576e+07,2.2428e+07,3.3431e+07,2.1321e+07,2.5874e+07,8.6754e+06,6.6735e+06,8.0071e+06,1.7421e+07,2.076e+07,3.3515e+06,1.3631e+07,3.2588e+07
2.1829e+07,2.627e+07,2.6838e+06,1.6125e+07,2.232e+06,1.4584e+07,1.8325e+07,2.8765e+07,1.316e+07,2.7829e+07,8.6764e+06,1.6999e+06,3.0668e+07,2.378e+07,2.2939e+07,2.551e+07,1.0345e+06,2.0808e+07,1.7339e+07,1.9159e+07,1.9459e+07,7.0453e+06,2.775e+07,1.0682e+07,1.4848e+07,6.1707e+06,8.8691e+06,2.4608e+06,2.515e+07,1.3117e+07,2.0914e+07,4.9035e+06,1.2488e+07,4.9528e+06,1.1943e+07,1.6176e+07,1.9004e+07,1.9121e+07,2.6887e+07,2.7422e+07
1.6981e+07,1.6881e+07,2.3693e+07,1.8e+07,3.042e+07,3.1846e+07,2.0088e+07,2.4375e+07,1.4337e+07,2.9183e+05,1.7816e+07,7.2064e+06,6.1506e+06,3.1996e+07,2.4979e+07,8.2343e+06,3.5603e+06,3.3528e+07,2.2272e+07,1.5756e+07,2.262e+06,1.709e+07,1.8552e+07,1.0499e+07,1.2159e+07,2.514e+07,2.69e+07,2.0156e+07,9.9329e+06,2.2729e+07,1.3429e+07,1.8339e+07,2.1671e+07,2.3117e+07,2.2002e+07,7.0237e+06,3.203e+07,1.6051e+07,1.5486e+07,1.6145e+07
5.026e+06,3.9001e+06,2.2937e+07,2.8707e+07,4.8538e+06,1.4872e+07,5.8539e+05,3.0717e+06,2.2822e+07,3.1629e+07,1.5564e+07,3.217e+07,1.6733e+07,2.6292e+07,2.2422e+07,1.2583e+07,2.2749e+06,2.1711e+07,1.4878e+07,5.037e+06,2.4306e+06,2.5779e+07,5.9656e+06,7.2237e+06,1.9233e+07,2.1356e+07,7.3703e+06,1.4985e+07,2.3796e+07,6.1171e+05,1.8706e+07,1.8399e+07,3.2652e+05,1.5176e+07,1.1278e+07,1.1658e+07,1.4638e+07,1.2939e+07,2.1057e+07,2.3719e+07
8.0481e+06,2.3265e+07,6.5455e+06,1.4691e+07,2.1955e+07,6.5528e+06,2.5989e+07,2.1733e+06,1.0235e+06,3.3493e+07,2.328e+07,3.1822e+07,2.9793e+07,3.2292e+07,3.3776e+06,3.0219e+07,1.7782e+07,2.7488e+07,2.5189e+07,2.9802e+07,2.7294e+07,7.4747e+06,5.0904e+06,2.5607e+07,3.2468e+07,3.0373e+07,6.532e+06,5.0866e+06,1.5718e+07,3.0523e+07,6.3809e+06,2.2442e+07,1.5095e+07,2.6879e+07,2.0485e+07,1.4218e+07,1.5523e+07,3.1464e+07,3.0623e+07,2.0321e+07
2.9508e+07,1.0841e+07,2.5904e+07,1.1811e+07,1.0462e+07,2.7154e+07,1.7612e+07,1.2201e+07,2.1445e+07,6.5101e+06,2.4554e+07,8.8206e+06,7.99e+06,1.7527e+07,2.7161e+07,1.4197e+07,2.1043e+07,6.045e+06,2.2062e+07,9.9605e+06,3.3194e+07,1.5107e+07,1.179e+07,1.9628e+07,2.9649e+07,2.7258e+07,2.291e+07,3.3358e+07,7.4001e+06,3.0839e+07,3.0034e+07,2.9895e+07,9.4853e+06,1.0495e+07,1.7319e+07,3.1069e+07,1.7924e+07,2.2803e+07,3.7735e+06,2.0354e+07
9.3846e+06,3.87e+06,2.9301e+07,2.2454e+07,4.8368e+06,2.6179e+07,1.3057e+07,1.0567e+07,2.8894e+07,3.0709e+07,9.1381e+06,2.8671e+07,2.2228e+06,2.1282e+07,2.9486e+07,3.9179e+06,3.0923e+07,2.0296e+07,1.5121e+06,1.1648e+06,4.2576e+06,2.9037e+07,1.7585e+07,6.3136e+06,2.7965e+06,9.2825e+06,3.3769e+06,2.9906e+07,2.903e+07,9.6751e+06,4.0878e+06,2.4574e+07,8.1036e+06,2.3226e+06,1.1894e+07,1.4196e+07,1.6657e+07,2.431e+07,3.0934e+07,2.3197e+07
2.6719e+07,2.8093e+07,1.5787e+06,2.8738e+07,1.3524e+07,1.8897e+07,4.2626e+05,2.6353e+07,1.6292e+07,1.1135e+07,1.7591e+07,2.672e+07,2.2433e+07,2.7332e+07,3.1529e+07,2.0275e+07,1.4775e+07,2.4827e+07,8.5314e+06,1.3428e+07,2.6281e+07,2.3978e+07,2.2366e+07,1.232e+07,6.016e+06,1.4854e+07,2.73e+07,5.0584e+06,6.9433e+05,2.7133e+07,1.1832e+07,7.4203e+06,2.7217e+07,3.5031e+06,8.497e+06,2.702e+07,1.0226e+07,2.3557e+07,2.2782e+07,9.4404e+06
6.5407e+06,9.0437e+06,5.347e+06,8.7498e+06,3.8772e+06,1.8385e+07,2.2148e+07,1.481e+07,1.6413e+07,3.1954e+07,6.636e+06,2.809e+07,1.0033e+07,2.1578e+07,1.6128e+07,2.0557e+06,1.6215e+07,2.1412e+07,1.2923e+07,8.791e+06,2.0394e+07,1.399e+07,1.2222e+07,1.6804e+06,1.6939e+07,2.0816e+07,3.1766e+07,2.5048e+07,2.9705e+07,1.5112e+07,1.9372e+07,2.0886e+07,8.0329e+06,4.3679e+06,8.5064e+06,7.7951e+06,8.3946e+06,6.8811e+06,2.6477e+07,1.5603e+07
2.678e+06,1.8942e+06,2.1758e+07,3.9899e+06,1.6724e+07,2.0764e+07,7.6161e+06,3.2288e+07,2.5166e+07,1.3032e+07,9.8643e+06,3.014e+07,1.2952e+07,4.0518e+05,4.4837e+06,2.1222e+07,1.8508e+07,8.4818e+06,1.3319e+07,5.852e+06,2.5587e+07,2.661e+07,1.6051e+07,2.873e+06,2.0742e+07,3.26e+07,1.6814e+07,1.5966e+07,3.3529e+07,2.4061e+07,1.5763e+07,6.3789e+05,1.729e+07,2.3397e+07,2.5077e+06,2.7497e+06,2.0923e+07,1.386e+07,1.4049e+07,1.8124e+07
2.2885e+07,1.7626e+07,1.731e+07,3.1554e+07,4.42e+06,2.1837e+07,2.8427e+07,1.1607e+07,2.2867e+06,3.8522e+05,2.2784e+05,9.8138e+06,7.3035e+06,1.013e+07,1.9978e+07,1.8914e+07,7.3147e+06,1.3106e+07,1.1346e+07,2.5027e+07,1.2381e+07,1.4201e+07,1.9174e+07,1.9734e+07,9.6455e+05,3.0578e+06,1.6811e+07,3.0811e+07,8.3086e+06,2.1909e+07,2.1879e+06,5.482e+05,1.7451e+07,2.1889e+07,1.3226e+07,1.2772e+07,1.2402e+07,2.5271e+07,2.0532e+07,8.0246e+06
2.5105e+06,1.914e+07,2.7881e+07,9.9417e+06,2.1611e+07,4.6252e+06,2.8338e+07,2.7653e+07,2.5255e+07,3.0763e+07,1.5146e+07,2.3687e+07,2.2695e+07,1.3659e+07,3.0521e+07,2.8905e+07,7.8792e+06,1.8945e+07,1.679e+07,3.1795e+07,5.477e+05,1.0389e+07,3.2428e+07,2.8467e+07,3.3321e+06,1.3932e+06,3.0505e+07,1.8583e+07,2.8264e+07,1.0519e+07,1.7449e+07,6.555e+06,4.4028e+05,3.1761e+07,1.7917e+07,3.3704e+06,1.5146e+07,2.5117e+07,1.7854e+07,3.1154e+07
1.3251e+07,5.374e+06,2.8403e+07,5.4945e+06,2.8657e+07,2.8292e+07,1.6256e+07,2.597e+07,2.8368e+07,1.3413e+07,1.8788e+07,1.7357e+07,9.8055e+06,3.0924e+07,1.3523e+07,3.0513e+07,1.6227e+07,1.3728e+07,2.3457e+07,2.8191e+07,6.4028e+06,2.9073e+07,2.0695e+07,1.484e+07,2.1943e+07,3.9741e+06,2.3892e+07,3.4541e+06,1.9032e+07,2.4741e+07,3.0835e+07,2.9515e+07,1.2424e+07,2.3791e+07,1.2777e+07,1.4935e+07,7.7843e+06,1.9592e+07,4.7762e+05,1.3709e+07
1.2864e+07,4.8202e+06,2.4825e+07,1.0898e+07,1.2849e+07,3.3187e+07,2.0904e+07,1.3555e+07,7.7951e+06,3.2401e+07,4.8591e+06,1.3456e+07,1.7853e+07,3.3872e+06,1.9488e+07,3.506e+06,1.9994e+07,1.6043e+07,2.739e+07,1.925e+07,7.0674e+06,1.4464e+07,1.4522e+07,2.9234e+07,2.5065e+07,1.3309e+07,5.5856e+06,1.8181e+07,6.7963e+05,4.038e+06,2.1277e+07,1.6267e+07,3.3381e+07,2.2111e+07,3.2626e+07,2.9552e+07,2.3642e+07,2.797e+06,1.4824e+07,17515
2.2771e+07,2.5999e+07,3.0598e+07,1.1887e+07,1.8248e+07,2.1917e+07,5.9571e+06,3.3044e+07,91687,6.5689e+06,1.5712e+07,1.8686e+07,8.5263e+06,3.3385e+07,1.4987e+07,1.8552e+06,2.3368e+07,7.9746e+06,1.0056e+07,8.5915e+06,2.9241e+06,1.904e+07,8.9301e+06,1.0746e+06,2.1478e+07,2.0163e+07,6.4111e+06,2.3082e+07,1.0418e+07,1.4311e+07,1.2802e+07,2.0961e+07,2.6325e+07,1.9952e+07,2.1863e+07,1.9778e+07,5.3403e+06,1.4137e+06,4.5978e+06,9.4847e+06
2.5398e+07,1.3926e+07,4.8872e+06,2.463e+07,2.2465e+07,2.1323e+07,1.8215e+07,8.458e+06,2.4797e+06,1.2992e+07,3.2034e+07,8.1111e+05,1.9842e+07,2.9675e+07,1.9525e+07,2.4036e+07,2.4044e+07,1.2722e+07,5.1764e+06,5.2849e+06,1.5521e+07,1.175e+06,2.4377e+07,2.5229e+07,1.5119e+07,9.6255e+06,4.7757e+06,1.6566e+07,1.2251e+07,2.6202e+07,4.6783e+06,2.5045e+07,2.0824e+07,3.0459e+07,2.4088e+07,3.9444e+06,2.9215e+07,2.2132e+06,45193,1.029e+07
1.3298e+07,9.5938e+06,2.1779e+07,8.7319e+06,3.3086e+07,2.2579e+07,2.2389e+07,2.6486e+07,2.3288e+06,8.162e+06,1.7108e+07,2.9049e+07,3.3467e+07,2.0463e+07,7.7779e+05,3.0388e+07,2.642e+07,1.7064e+07,2.5321e+07,2.0502e+07,1.4165e+07,8.274e+06,6.9225e+06,1.0855e+07,1.1973e+07,1.369e+07,1.7261e+07,3.0494e+07,3.9239e+06,6.041e+06,1.5741e+07,1.0474e+07,3.1271e+07,2.9453e+07,3.3199e+07,6.5222e+06,2.7495e+07,2.0609e+07,7.8929e+06,2.6579e+07
1.4544e+07,4.3514e+06,1.9134e+07,4.2895e+06,7.3125e+06,1.5695e+07,1.6433e+07,6.4912e+06,4.031e+06,2.2669e+07,3.3224e+07,2.2052e+07,7.5971e+06,2.7783e+07,1.2505e+07,2.3403e+07,2.1641e+07,8.4996e+05,9.9903e+06,3.0388e+07,2.2087e+07,1.0133e+07,1.949e+07,1.2437e+07,5.6731e+06,1.3898e+06,3.2963e+07,1.9626e+07,2.0741e+07,9.3959e+06,3.0274e+07,1.4763e+07,8.1434e+06,1.4592e+06,4.0903e+06,1.6689e+07,2.3519e+07,1.0841e+07,4.3165e+05,2.1836e+07
6.3722e+06,1.7457e+07,3.1085e+07,1.5688e+07,2.9122e+07,1.4158e+07,2.9783e+07,1.2465e+07,4.4442e+06,1.4407e+07,1.3086e+07,3.2968e+07,3.2869e+07,1.0317e+07,3.1269e+07,2.6826e+07,3.1454e+07,2.078e+07,1.2342e+07,1.3734e+07,2.4145e+07,2.1249e+07,1.9248e+07,2.7328e+07,4.9113e+06,8.9381e+06,1.2566e+07,3.4581e+06,2.4809e+07,1.0939e+07,1.9979e+07,2.9927e+07,9.6603e+06,2.4882e+07,1.5991e+07,1.3917e+07,2.7773e+07,1.7598e+07,1.598e+07,2.8883e+07
4.3842e+06,4.1798e+06,4.4348e+06,2.1901e+07,3.2824e+07,1.9751e+07,1.4e+07,3.007e+05,3.0059e+07,3.2725e+07,3.3266e+07,3.0947e+07,6.1122e+06,1.886e+07,1.6775e+07,2.9005e+07,1.2368e+07,3.0317e+07,2.0646e+07,2.5907e+07,2.4547e+07,3.2667e+07,2.6555e+07,1.544e+07,2.5667e+07,3.2618e+07,8.591e+06,3.0727e+07,1.1227e+07,6.0886e+06,1.4574e+07,2.5521e+07,3.0748e+07,1.6837e+07,1.2574e+07,2.589e+07,6.3674e+06,1.6005e+07,1.95e+07,2.8768e+07
2.253e+07,6.491e+06,3.1324e+07,2.0097e+07,2.1941e+07,1.2597e+07,1.1008e+07,1.0776e+06,1.4712e+07,2.7552e+07,2.1888e+07,3.3369e+07,2.0128e+07,1.7404e+07,2.4228e+06,2.2245e+07,1.3761e+07,8.7187e+06,2.5623e+07,2.9552e+07,1.84e+07,1.5149e+07,3.1382e+07,2.7989e+06,1.2349e+07,1.1117e+06,1.5437e+06,2.1495e+07,1.7119e+07,1.8851e+07,9.4439e+06,2.2774e+07,2.1034e+07,2.3788e+07,2.0648e+07,1.5085e+07,2.441e+07,3.3045e+07,1.7934e+07,2.6168e+07
3.1047e+07,1.2814e+07,1.2531e+07,1.1065e+07,3.0326e+07,1.564e+07,1.7052e+07,2.6667e+07,4.5332e+06,6.8785e+06,6.3813e+06,63455,2.8782e+07,3.3586e+05,2.9141e+05,2.8202e+07,2.5838e+07,2.8762e+07,3.1321e+07,5.0577e+05,6.3701e+06,2.329e+07,3.2793e+07,1.9303e+07,1.887e+07,3.1601e+07,2.303e+07,1.1112e+07,1.141e+07,3.1352e+07,1.0318e+07,1.3007e+06,1.9052e+07,2.1839e+07,2.4786e+07,3.2091e+07,1.027e+07,2.5471e+07,9.4398e+06,3.0263e+07
3.327e+07,2.136e+07,9.1695e+06,2.0236e+07,2.1342e+07,3.0571e+07,2.0658e+07,3.1664e+07,8.581e+06,6.6507e+06,1.4894e+07,2.9433e+07,1.169e+07,3.6078e+06,2.566e+07,3.0074e+07,6.3298e+06,2.26e+07,1.731e+07,2.8923e+07,1.0004e+07,1.0177e+07,7.419e+06,4.6921e+06,3.2179e+07,2.284e+07,2.7004e+07,1.7992e+07,2.7563e+07,8.8058e+06,2.3344e+07,2.8556e+07,2.9244e+06,3.2406e+07,2.3519e+07,2.5346e+06,3.1636e+07,3.2295e+07,1.3044e+07,1.9359e+07
2.7419e+07,2.5684e+06,2.9035e+07,6.0858e+06,2.8007e+07,2.822e+07,1.7066e+07,1.7449e+07,1.2311e+07,3.0991e+07,2.3496e+07,3.3243e+07,3.2513e+07,3.1114e+06,1.2435e+07,1.7789e+07,2.7042e+06,2.3633e+07,1.1642e+07,3.7679e+06,3.1605e+07,6.9574e+06,3.29e+05,2.9144e+07,2.2771e+07,5.7615e+06,5.9278e+06,3.006e+07,2.7171e+06,2.4107e+06,7.8636e+05,1.921e+07,1.0918e+07,1.7613e+07,1.3486e+07,2.1113e+07,2.1194e+07,1.1498e+07,3.21e+07,1.1185e+07
2.2516e+07,8.7824e+05,2.8916e+07,1.1247e+07,3.0872e+07,8.2571e+06,2.6058e+06,9.5108e+06,1.0165e+07,2.0876e+07,1.9521e+07,2.323e+07,4.8171e+06,1.1677e+07,2.0918e+07,2.8822e+07,1.5823e+07,2.3177e+07,3.146e+06,1.9327e+06,2.7689e+07,3.0464e+06,6.9249e+06,2.6617e+07,2.2875e+07,1.577e+07,3.0124e+07,1.3708e+07,2.2097e+07,3.2159e+07,1.0127e+07,2.4322e+07,2.523e+07,6.2287e+06,1.9072e+07,2.0506e+06,2.2927e+07,2.2439e+07,4.503e+06,2.9967e+07
5.693e+06,1.8257e+07,1.1615e+06,2.7332e+07,1.9968e+07,1.3616e+07,2.161e+07,1.2292e+07,3.3553e+07,2.3691e+07,6.6036e+06,2.7836e+07,1.015e+07,1.755e+07,2.0967e+07,1.5942e+05,2.6017e+07,7.1268e+06,6.8444e+06,2.6669e+07,9.0564e+06,2.7877e+07,3.3463e+07,1.3267e+07,3.0187e+07,1.7812e+07,2.7599e+06,1.4044e+07,6.3432e+05,3.025e+07,1.2582e+07,3.974e+05,1.6816e+07,1.4877e+07,2.8603e+07,1.6806e+07,3.7647e+06,2.6555e+07,3.1368e+07,2.8719e+07
5.2012e+06,2.728e+06,2.1081e+07,3.2533e+06,1.1218e+06,1.0859e+07,2.1644e+07,1.9605e+07,2.2555e+07,2.6598e+07,1.2757e+07,2.6606e+06,1.4569e+07,2.6356e+07,1.023e+07,2.463e+07,3.3621e+06,5.7971e+06,3.1042e+07,2.6455e+07,2.6133e+07,2.9438e+07,3.0525e+07,3.1219e+07,1.3556e+07,9.7022e+06,2.5794e+07,3.1671e+07,9.375e+06,1.2453e+07,9.1676e+06,1.5889e+07,3.2231e+07,3.4144e+06,1.8141e+07,1.0319e+07,5.0886e+06,1.4181e+07,1.0879e+07,1.867e+07
6.1888e+06,7.211e+06,1.8967e+07,3.0489e+07,2.3485e+07,2.9711e+07,2.4937e+07,1.4921e+07,3.9797e+06,3.1517e+07,2.0014e+07,1.1107e+07,9.8315e+06,1.6914e+07,2.8346e+07,3.1731e+07,2.8465e+07,1.8254e+07,1.7476e+07,1.7657e+07,2.0974e+07,9.3553e+06,1.7512e+07,1.1081e+07,9.2307e+06,1.2513e+07,3.3095e+07,2.5278e+07,1.4965e+07,2.838e+07,1.6825e+07,1.8518e+07,2.4923e+07,9.1408e+06,1.2964e+07,2.5287e+07,1.6558e+07,2.232e+07,3.0262e+07,1.1217e+07
9.9177e+06,2.074e+07,6.123e+06,7.1185e+06,2.7057e+07,3.648e+06,2.2727e+07,6.5392e+06,1.2475e+07,1.811e+07,8.4268e+06,2.4131e+07,1.0776e+07,1.2629e+06,2.7242e+07,1.5204e+06,9.9833e+06,1.0198e+07,1.7998e+07,4.0332e+06,2.6685e+07,1.6863e+07,7.6499e+06,2.7893e+07,3.8065e+06,3.3532e+07,2.5444e+07,1.7397e+07,1.5993e+07,9.1439e+06,3.2318e+07,1.0719e+07,1.5199e+07,1.7892e+07,2.6286e+07,1.3836e+07,3.0528e+07,4.0484e+06,2.9275e+07,2.1857e+07
1.4479e+07,4.6024e+06,6.1799e+05,1.2272e+07,5.8079e+05,1.5819e+07,4.4178e+06,2.8349e+07,3.2125e+07,6.581e+06,2.4755e+07,1.8652e+06,1.7264e+07,3.9858e+06,2.1564e+07,5.4579e+06,2.0694e+06,1.874e+07,4.8445e+06,1.2357e+07,6.7509e+06,6048,2.7179e+07,3.0302e+07,1.4786e+07,1.2275e+07,1.2241e+07,9.6595e+06,2.8021e+07,3.2745e+07,7.1904e+06,2.2348e+07,1.4789e+07,1.3851e+07,2.8406e+07,1.6857e+07,7.6846e+06,2.3892e+07,1.4502e+07,1.3957e+07
3.1248e+07,4.9365e+06,6.6566e+05,1.4228e+07,3.1769e+07,2.4521e+07,1.0466e+07,5.2035e+06,3.3189e+07,2.8619e+07,2.2602e+07,9.0436e+06,3.0285e+07,8.9156e+06,2.8644e+07,1.4064e+07,2.8752e+06,3.1389e+07,2.7634e+07,3.1288e+07,2.1375e+07,3.3102e+07,2.1114e+07,1.4398e+07,9.2952e+06,2.7828e+07,3.1188e+07,3.203e+07,5.6008e+06,6.0521e+06,3.18e+07,2.1209e+07,1.8335e+07,2.1696e+07,3.3227e+07,2.7283e+07,3.0647e+07,1.8761e+07,1.0498e+07,1.4897e+07
8.9241e+06,4.7888e+06,2.5738e+07,2.0435e+07,7.3073e+06,1.5749e+07,2.6665e+07,1.9665e+07,3.0654e+07,2.5233e+07,2.7157e+07,2.4395e+07,2.8366e+07,2.0666e+07,2.0586e+07,3.2483e+05,1.8896e+07,2.8658e+07,1.5163e+07,1.1352e+07,2.8578e+06,3.0027e+07,1.4922e+07,2.9984e+07,1.7689e+07,1.52e+07,4.7432e+05,8.9868e+06,2.6799e+07,6.891e+06,2.1569e+07,2.3276e+07,3.2572e+06,2.4808e+07,3.2753e+07,2.5414e+07,6.9304e+06,5.8724e+06,3.0562e+07,9.0463e+06
3.2012e+06,3.305e+07,1.4199e+07,2.5688e+07,2.5007e+07,2.9063e+07,2.7159e+07,1.7503e+07,8.5956e+06,2.963e+07,2.8451e+07,6.9721e+05,2.0145e+06,2.3128e+07,8.748e+06,7.0224e+05,1.9855e+07,1.3287e+06,3.4455e+06,1.2119e+07,2.662e+05,1.5592e+07,3.9177e+06,2.411e+07,2.24e+07,1.8764e+07,1.9033e+07,1.5657e+07,1.2441e+07,1.176e+06,2.9019e+07,3.2236e+07,3.0534e+07,2.534e+07,9.5902e+06,1.1069e+07,1.5798e+07,1.91e+07,2.0224e+07,7.9878e+06
2.2501e+07,9.7828e+06,1.0854e+07,2.4051e+07,6.1817e+06,1.4775e+07,1.2231e+07,7.1641e+06,1.7903e+07,2.7926e+07,1.5864e+07,2.1218e+07,6.6103e+06,3.3472e+07,78437,2.0646e+07,2.7665e+07,1.3894e+07,3.0075e+07,1.718e+07,3.2269e+07,2.0397e+07,2.235e+07,3.0919e+07,1.5056e+07,2.125e+07,7.0973e+06,1.8802e+07,3.4766e+06,9.8089e+06,1.8254e+07,6.069e+06,9.2636e+06,7.8047e+06,1.8415e+07,1.8691e+07,2.0821e+07,22043,6.301e+06,1.5981e+07
6.3562e+06,1.4611e+07,3.0615e+07,6.3794e+06,2.3791e+07,2.5624e+07,9.1317e+06,9.901e+06,3.2253e+07,7.1604e+06,1.277e+07,2.2405e+07,1.2555e+07,2.2922e+07,3.2726e+07,2.2445e+07,2.3402e+07,8.3048e+06,2.9277e+07,2.6057e+07,4.7003e+06,8.482e+06,1.8692e+07,1.7108e+07,3.275e+07,2.617e+07,8.152e+06,2.9756e+06,2.6959e+07,2.3595e+07,3.106e+07,1.3505e+07,8.5622e+06,2.4828e+07,1.361e+07,1.8093e+07,5.3269e+06,3.2535e+07,1.8977e+07,4.3667e+06
6.0924e+05,1.5935e+07,2.57e+06,8.4118e+06,1.9501e+07,5.0672e+06,1.3764e+07,2.9965e+07,2.867e+07,1.8212e+07,1.545e+07,5.0129e+06,1.6405e+07,1.9097e+07,1.1457e+07,1.4023e+07,5.9315e+06,2.801e+07,2.2676e+07,6.2224e+06,2.0506e+07,2.3661e+07,9.5023e+05,1.7477e+07,8.6946e+06,1.7053e+07,3.2657e+07,2.7455e+07,2.8815e+07,3.0085e+07,1.005e+07,2.9529e+07,8.5635e+06,6.4474e+06,6.2619e+06,2.8894e+07,1.4918e+07,1.2972e+07,2.7917e+07,6.9287e+06
3.0125e+07,1.5418e+07,5.4845e+06,9.0177e+06,1.7472e+07,2.5916e+07,1.2999e+07,1.4907e+06,3.3113e+07,1.755e+07,2.8309e+07,2.9926e+07,2.3005e+07,1.7376e+07,1.483e+07,1.2755e+07,1.0685e+06,7.2438e+06,2.8623e+06,2.6739e+07,1.3482e+07,1.6708e+06,1.062e+07,2.9233e+07,3.1253e+07,1.4285e+07,2.9063e+07,1.6128e+07,3.0479e+07,8.4065e+06,1.7671e+07,8.2152e+06,2.8133e+07,1.764e+07,1.1737e+07,8.6279e+06,5.6649e+06,2.0107e+07,2.7212e+07,2.8485e+07
2.8346e+07,7.8854e+06,1.7055e+07,2.246e+07,3.0448e+06,1.822e+07,9.9989e+06,1.2813e+07,1.7914e+07,1.4312e+07,7.7858e+06,9.5359e+05,8.7336e+05,9.204e+06,2.3303e+07,1.1073e+07,2.5182e+07,2.6698e+07,1.8033e+06,3.0951e+05,2.4432e+07,2.2293e+07,1.964e+07,3.0838e+07,5.6149e+06,3.2614e+07,7.3688e+06,1.2834e+06,7.6827e+06,2.3749e+07,1.1832e+07,2.3806e+07,1.9753e+07,3.6493e+06,2.1704e+07,2.4532e+07,2.897e+07,7.5993e+05,5.0735e+06,1.7623e+07
7.6022e+06,2.8242e+07,1.443e+07,1.0046e+07,1.9367e+07,1.1568e+07,2.8757e+07,9.6157e+06,1.4796e+07,2.5716e+07,1.2852e+07,8.0129e+06,1.3218e+07,6.5711e+06,1.4787e+07,2.075e+07,7.7798e+06,2.924e+07,2.4542e+07,1.0736e+07,2.7239e+07,1.5397e+07,2.2682e+07,9.6565e+06,2.4512e+07,2.4636e+07,2.3754e+07,7.0285e+06,5.7431e+06,1.7909e+07,2.3785e+07,33984,6.4083e+06,2.4697e+07,3.3405e+07,6.6146e+06,7.8145e+06,1.1247e+07,4.6651e+06,1.1292e+07
1.8997e+07,1.5468e+07,2.9915e+07,3.9392e+06,3.5628e+06,1.315e+07,2.3379e+07,2.9814e+07,1.5503e+06,9.8039e+06,3.2002e+07,2.5534e+07,1.8713e+06,9.5376e+05,3.1107e+07,1.2435e+07,5.3129e+05,1.6899e+07,3.1848e+07,3.1287e+07,1.8021e+06,3.0687e+07,1.6903e+07,6.427e+06,2.0765e+07,2.9371e+07,1.4089e+07,3.122e+07,1.7796e+07,2.8333e+07,2.5518e+07,2.1775e+07,3.1182e+07,2.344e+07,7.6608e+06,2.3602e+07,7.987e+06,1.8131e+07,1.2659e+07,2.1236e+07
3.3138e+07,2.6069e+07,2.4055e+07,2.8274e+07,8.7884e+06,1.5478e+07,1.2178e+07,2.0703e+07,1.0383e+07,2.1228e+07,2.6141e+07,2.9798e+07,2.2778e+07,7.1939e+06,6.6016e+06,1.3778e+07,2.5736e+07,2.6397e+07,2.0119e+07,5.3708e+06,6.2952e+06,2.8828e+07,1.7291e+07,1.5737e+07,1.7703e+05,2.5421e+07,1.7236e+07,1.4828e+07,3.2697e+07,1.1755e+07,6.6337e+06,1.6059e+07,2.9826e+07,1.8785e+07,8.359e+06,8.8907e+06,1.8904e+07,2.6614e+07,7.1062e+05,2.4727e+07
1.346e+07,2.3826e+07,2.1512e+07,2.1736e+07,3.217e+07,1.7303e+07,4.3105e+05,2.7803e+07,2.1023e+07,2.0414e+07,2.3689e+07,1.7954e+07,2.0515e+06,1.8644e+07,2.2447e+06,2.5233e+07,1.1874e+06,3.2166e+07,1.2543e+07,3.3447e+07,2.5459e+07,2.7969e+06,1.7205e+07,2.909e+07,2.2124e+07,2.3104e+06,3.1043e+07,1.3206e+06,3.3243e+07,2.3476e+07,2.8923e+07,5.6492e+06,2.317e+07,2.847e+07,7.7013e+06,4.1908e+06,1.7174e+06,2.1459e+07,2.6244e+06,2.5861e+07
1.8694e+07,3.1563e+06,2.4443e+07,1.4096e+07,2.251e+07,2.7068e+07,2.9856e+07,2.2422e+07,2.7815e+07,3.2481e+07,2.5151e+07,1.95e+07,3.196e+07,7.2085e+06,6.9119e+06,3.3064e+07,1.7329e+07,7.9924e+06,1.2959e+07,7.1413e+06,1.0012e+07,2.3087e+07,2.0892e+07,3.4746e+06,9.5982e+06,2.0178e+07,2.9142e+07,2.737e+07,1.258e+07,1.6206e+07,2.6099e+07,7.3481e+06,5.2067e+06,8.2847e+06,3.2788e+07,1.8145e+07,2.2302e+07,2.2585e+07,2.059e+07,2.236e+06
1.5466e+07,1.1778e+07,2.0308e+07,2.0541e+07,1.0208e+07,2.8155e+07,5.8003e+06,1.8521e+05,7.281e+06,1.7948e+07,1.1491e+07,5.5614e+06,2.053e+07,9.5587e+06,1.0144e+07,1.6801e+07,1.774e+07,4.7518e+05,3.9626e+06,4.669e+06,2.5571e+07,6.9447e+06,1.6895e+07,7.8435e+06,2.2217e+07,2.1536e+07,2.851e+07,2.9323e+07,3.177e+07,2.7131e+07,2.5739e+06,1.0067e+07,3.531e+06,2.3586e+07,1.519e+07,1.1731e+07,2.7023e+07,1.9218e+06,6.3175e+06,9.38e+06
1.9341e+07,1.2361e+07,9.1139e+06,3.3068e+07,2.1741e+07,1.3121e+07,3.888e+06,1.0347e+07,1.3892e+06,1.2759e+07,2.4283e+07,2.607e+07,3.3716e+06,3.0867e+07,2.3057e+07,3.8412e+06,2.5462e+07,2.5062e+07,2.7438e+07,2.0128e+07,1.9055e+07,2.7672e+07,3.2408e+07,1.609e+06,5.4313e+06,2.787e+07,3.5078e+05,2.2066e+07,2.8624e+07,1.2399e+07,2.4217e+07,1.2988e+07,3.1239e+07,1.5842e+07,1.7599e+07,1.1904e+06,7.4398e+06,2.7117e+07,3.7143e+06,1.4786e+07
2.5268e+07,1.3646e+07,1.0683e+07,1.4716e+07,1.1756e+07,1.5462e+07,1.3831e+07,3.178e+07,3.1806e+07,1.545e+07,1.2421e+07,1.1299e+07,1.6389e+07,2.8573e+07,2.2866e+06,1.7658e+07,1.1033e+07,1.1479e+07,2.4529e+07,2.7956e+07,2.3748e+07,5.3066e+06,3.2777e+07,1.8784e+07,1.5843e+07,1.3264e+07,2.8305e+06,9.2736e+06,1.2314e+07,2.6749e+07,3.9678e+05,7.7071e+06,2.3054e+07,1.2308e+06,2.6386e+07,2.2179e+07,2.5337e+07,1.737e+07,3.323e+07,5.9704e+06
1.4664e+07,2.1159e+07,2.2603e+07,3.0786e+07,3.0454e+07,2.1415e+06,2.1382e+07,1.6143e+07,9.6472e+06,2.4211e+07,1.6941e+07,2.2726e+07,2.6924e+07,2.2929e+07,3.8753e+06,3.2133e+07,1.1259e+07,1.068e+07,2.2426e+07,4.9253e+06,9.3283e+06,2.2126e+07,1.8194e+07,9.5326e+06,3.2756e+07,1.928e+07,2.4401e+07,2.9505e+07,2.2216e+07,1.7509e+07,8.5485e+06,2.2605e+07,2.8827e+07,1.5856e+07,3.0619e+07,2.097e+06,1.636e+07,3.0705e+07,1.6436e+07,1.625e+07
9.1983e+06,3.0564e+06,2.2345e+07,4.213e+06,3.6509e+06,1.4861e+07,1.8559e+07,3.2297e+07,1.9177e+07,2.5464e+06,1.2163e+07,6.537e+05,1.5566e+07,3.2075e+07,3.2802e+07,4.7974e+06,9.1531e+06,3.2577e+07,2.5901e+07,2.0329e+07,2.8266e+07,2.277e+07,3.0988e+07,3.2706e+07,1.9487e+06,8.8512e+05,2.3816e+07,2.1474e+07,1.5701e+07,1.8695e+07,3.1657e+06,2.7511e+07,1.2574e+07,3.0609e+07,2.8165e+07,1.9895e+07,3.219e+06,7.9967e+06,7.8174e+05,5.1685e+06
2.9543e+07,3.9917e+06,2.8855e+07,2.9041e+07,3.0047e+07,3.9221e+05,2.6713e+07,6.1118e+06,1.084e+06,5.4743e+06,1.8394e+07,2.5783e+07,2.6156e+07,1.1713e+07,2.3765e+07,1.1094e+07,2.0672e+07,1.5398e+07,7.3524e+06,1.4497e+07,2.1454e+07,2.7888e+07,2.3781e+07,6.0322e+06,1.9458e+07,2.6102e+07,2.5469e+07,8.4095e+06,1.1535e+07,2.4519e+07,9.6397e+06,1.4895e+07,2.818e+07,3.3006e+07,2.0621e+07,5.924e+06,2.1507e+06,2.3008e+07,7.7153e+06,2.2297e+07
2.8327e+07,2.4664e+07,3.0182e+07,8.1952e+06,2.965e+07,1.5311e+06,1.6539e+07,1.9476e+07,3.1841e+07,2.1195e+07,1.5856e+07,4.0797e+06,9.3855e+06,2.5811e+07,2.5193e+07,6.0682e+05,2.8469e+07,3.0278e+07,2.2684e+07,1.3623e+06,1.6624e+07,2.3038e+07,1.2372e+06,8.4078e+06,1.0618e+07,5.5972e+06,1.5422e+07,3.0798e+07,1.6447e+06,9.46e+06,2.7351e+07,2.9968e+07,2.6517e+07,7.5966e+05,2.6585e+06,3.0899e+07,1.7252e+07,1.4249e+06,2.6529e+07,2.4431e+07
3.2011e+06,2.6491e+07,2.3728e+07,1.308e+07,3.0405e+07,4.273e+06,1.5447e+07,1.7693e+07,2.0604e+07,1.7375e+06,7.2253e+05,3.7407e+06,1.8633e+07,2.0303e+07,2.6308e+07,3.2036e+07,6.5201e+06,1.5659e+07,3.0572e+07,1.3957e+07,9.9996e+06,8.6356e+06,2.7914e+07,2.3305e+07,2.0732e+05,2.1379e+07,2.7347e+07,2.219e+07,1.1239e+07,3.2184e+07,1.7963e+07,1.9013e+07,3.8877e+06,1.7076e+07,2.7346e+07,2.1215e+07,4.3652e+06,1.7893e+07,3.1913e+07,2.617e+06
1.4654e+07,2.6228e+07,5.4908e+06,2.3248e+07,1.4585e+07,2.7511e+07,1.8603e+07,2.6446e+07,8.9892e+06,1.776e+07,2.1784e+07,6.0713e+06,6.647e+06,5.2226e+06,3.308e+07,8.4076e+06,1.2503e+07,1.6083e+07,1.0215e+07,2.3871e+07,1.58e+07,2.1029e+07,6.9887e+06,1.314e+07,5.7403e+06,1.9479e+07,9.2867e+06,3.0885e+06,8.7455e+06,2.8092e+07,2.5265e+07,1.2232e+07,2.0121e+07,1.15e+07,1.4646e+07,8.6645e+06,1.4498e+07,1.194e+06,2.6417e+06,1.139e+07
6.994e+06,2.4938e+07,1.6717e+07,2.2989e+06,1.3092e+07,8.6852e+06,2.5339e+07,2.9495e+07,2.9151e+07,7.1301e+06,1.4948e+07,7.5211e+05,2.6057e+07,1.3446e+07,2.0915e+07,3.2667e+07,1.2718e+07,2.3382e+07,1.5177e+07,1.4881e+07,8.1792e+06,5.6282e+06,2.1623e+07,4.2531e+05,3.6464e+05,1.3875e+07,1.0854e+07,1.1563e+07,8.1933e+06,1.3752e+07,1.614e+06,3.1816e+07,1.2444e+06,1.7917e+07,1.7573e+07,2.9082e+06,7.7759e+06,1.2868e+07,1.4251e+07,2.5958e+07
2.8621e+07,3.1734e+07,3.9672e+06,6.2988e+06,3.6616e+06,1.5249e+07,6.7838e+06,9.5067e+06,1.1414e+07,2.0481e+07,2.2034e+07,3.2872e+07,1.4217e+07,2.803e+07,6.3576e+06,1.3128e+07,1.8861e+07,3.2106e+07,1.4837e+06,2.1654e+06,3.0479e+07,2.3286e+07,2.8665e+07,2.5916e+07,3.2147e+07,1.284e+07,1.4129e+07,8.7512e+06,1.6693e+07,3.2118e+05,2.9487e+07,1.107e+07,6.5099e+06,9.4656e+06,3.1879e+07,2.1521e+07,9.3648e+06,1.0309e+07,1.4859e+07,2.9917e+07
1.0917e+07,1.2568e+07,2.6021e+07,2.206e+07,2.0169e+05,2.9384e+06,8.3803e+06,8.7783e+06,3.7736e+06,1.6602e+07,1.5812e+07,1.7989e+07,3.1348e+07,2.0834e+06,2.8289e+06,2.691e+07,1.709e+07,1.3079e+07,3.9835e+06,2.1986e+07,8.7542e+06,1.7463e+07,1.1428e+06,3.2301e+07,3.1284e+07,1.7541e+07,2.1054e+07,2.8373e+07,2.9375e+07,1.8177e+06,2.3914e+06,6.5567e+06,1.8174e+07,1.8331e+07,8.7869e+06,7.0255e+06,2.4703e+07,1.3626e+07,1.7297e+07,2.3843e+07
2.27e+07,1.5448e+07,6.8522e+05,2.3168e+07,7.6237e+06,7.3047e+06,2.6876e+06,1.8138e+07,1.9936e+07,2.4964e+06,6.1138e+06,1.3845e+07,5.6296e+06,2.9608e+07,3.055e+07,1.4451e+07,4.3874e+06,1.701e+07,2.6703e+07,2.0109e+07,2.283e+07,1.5664e+07,2.3892e+07,9.7039e+06,9.5714e+05,1.6738e+07,6.5534e+06,3.2341e+07,2.5605e+07,2.0562e+07,1.2962e+07,3.0581e+07,1.798e+07,2.5152e+07,1.3686e+07,1.1447e+07,2.5062e+07,2.7013e+07,1.322e+07,2.6008e+07
3.3268e+07,5.233e+06,1.5918e+07,1.6082e+07,1.4224e+07,1.6352e+07,3.3362e+07,2.73e+06,4.6329e+05,3.3103e+07,3.1883e+07,2.6316e+07,2.4917e+06,1.4012e+07,1.2054e+07,3.3108e+07,3.1509e+07,5.1792e+05,1.588e+07,3.0137e+07,4.8206e+06,8.2452e+06,4.4113e+06,2.3591e+07,1.1075e+07,3.4721e+06,7.4262e+06,2.8527e+07,2.6445e+07,6.2301e+06,1.3249e+07,8.7118e+06,2.0091e+07,2.2408e+07,2.5649e+06,1.3176e+07,7.7699e+06,3.1748e+07,1.206e+07,9.7551e+06
3.2194e+06,2.1641e+07,1.6647e+07,8.9402e+06,2.4591e+07,3.1853e+07,3.2404e+07,2.7798e+07,6.3713e+06,2.6323e+07,1.5426e+07,4.2068e+06,1.2855e+07,2.2624e+06,3.0552e+07,3.2729e+07,2.3424e+07,8.2531e+06,2.2664e+07,3.0168e+06,3.2493e+07,2.2306e+07,3.7979e+06,2.7772e+06,1.2031e+06,1.9192e+07,2.8173e+07,2.5781e+07,3.3542e+07,2.0304e+07,1.2322e+07,5.6741e+05,7.9002e+06,2.2793e+07,1.4395e+07,5.5795e+06,1.8211e+07,1.9751e+07,2.7233e+07,1.5845e+07
3.0819e+07,2.8974e+07,1.751e+07,1.7748e+07,2.2803e+07,2.2874e+07,6.3439e+06,1.5846e+07,2.0702e+07,3.1069e+07,5.575e+06,2.8995e+07,9.2027e+06,1.9259e+07,4.1877e+06,1.7369e+07,2.7126e+06,1.2424e+07,2.2619e+07,8.8397e+05,2.187e+07,2.9953e+07,1.5107e+07,2.909e+07,2.5182e+07,1.5038e+07,2.0356e+07,2.3496e+07,7.834e+06,1.5236e+07,1.6014e+06,2.0513e+07,5.7344e+05,2.0949e+07,6.5218e+06,1.6973e+07,1.6099e+07,2.3842e+07,2.3164e+07,2.4362e+07
1.4799e+07,1.1027e+07,1.8358e+07,2.8803e+07,3.0681e+07,2.1005e+07,1.7355e+07,1.8035e+07,5.4024e+06,4.6383e+06,1.998e+07,2.0366e+07,2.1619e+07,2.1342e+06,2.1291e+06,2.0262e+07,1.3699e+07,1.4724e+07,2.6647e+06,1.3679e+07,3.7883e+06,3.3457e+07,2.3686e+07,1.5618e+07,4.043e+06,2.5192e+07,3.2388e+07,2.9083e+07,2.952e+07,5.8271e+06,9.6547e+06,2.8565e+07,1.5521e+07,3.3459e+07,9.4319e+06,1.2018e+07,2.4831e+07,1.8342e+07,1.9175e+07,2.4781e+06
2.793e+06,6.6275e+06,3.0092e+07,2.2599e+07,2.0379e+07,1.7331e+06,1.704e+07,1.0098e+07,8.0713e+06,2.6038e+07,2.9948e+07,1.7807e+06,1.8678e+07,5.0784e+06,3.3197e+07,1.7657e+07,1.8002e+07,2.3907e+07,2.7472e+07,2.933e+07,2.0861e+07,3.559e+05,7.4582e+06,1.7655e+06,1.7262e+07,2.9959e+07,1.9449e+07,2.1074e+07,4.8417e+06,2.5119e+07,9.4174e+06,2.9151e+07,2.6915e+07,1.6387e+07,3.2668e+07,1.7689e+07,7.3e+06,6.5963e+06,5.9365e+05,1.1554e+07
2.8028e+07,9.2162e+06,2.2064e+07,5.6965e+06,9.8861e+06,1.2436e+07,2.1774e+07,1.9052e+07,1.7188e+07,2.0273e+06,2.6099e+07,1.0069e+06,2.283e+07,2.9955e+07,1.245e+07,2.0925e+07,2.3242e+07,2.634e+07,2.122e+07,2.3162e+07,2.6932e+07,1.2609e+07,1.6064e+06,3.4561e+06,1.8136e+07,2.8499e+07,1.7867e+07,3.0488e+07,3.0083e+06,2.8989e+07,2.8771e+07,2.9625e+07,2.4951e+06,1.1481e+07,7.6576e+06,2.8334e+07,4.4995e+06,2.9571e+07,6.4986e+06,2.8408e+07
6.9787e+06,2.25e+07,7.2627e+06,2.1726e+06,1.4399e+07,1.017e+07,1.9648e+07,8.2472e+06,2.4832e+07,7.4833e+06,14045,98234,3.1061e+07,1.3319e+06,1.8021e+07,6.4295e+06,5.4912e+06,2.3396e+07,2.2439e+07,2.632e+07,1.7517e+07,2.6703e+07,1.9397e+07,1.7291e+07,1.3049e+07,1.9468e+07,1.654e+07,1.8755e+07,2.8676e+07,2.3202e+07,1.521e+06,3.0235e+07,8.5314e+06,1.8646e+07,2.0577e+07,2.752e+07,1.8405e+07,8.815e+05,2.8103e+07,3.2238e+07
2.7889e+07,1.3497e+07,1.6884e+07,2.1899e+07,2.3357e+07,2.6163e+07,2.9475e+07,7.7179e+06,2.6856e+07,2.5274e+07,3.2962e+07,3.7277e+06,2.4054e+07,2.237e+07,5.972e+06,1.1901e+07,1.308e+07,1.9632e+07,6.53e+06,5.8092e+06,3.0799e+07,1.1897e+07,2.2859e+06,6.5907e+06,1.6896e+07,1.3179e+07,3.0377e+07,8.1667e+06,7.8144e+06,5.3907e+05,1.51e+07,2.3338e+07,2.3688e+07,1.5435e+07,3.2797e+06,2.1785e+07,2.1054e+07,4.9983e+06,6.7803e+06,2.2237e+07
1.1054e+07,9.4103e+06,1.3808e+07,2.8641e+07,1.0218e+07,2.5491e+07,1.8361e+07,2.6099e+07,2.6409e+07,3.1669e+07,3.7793e+06,2.9078e+07,2.8511e+07,9.903e+06,7.8303e+06,1.6012e+07,6.4109e+06,3.0668e+07,1.0598e+07,3.6486e+06,1.474e+07,1.8048e+07,1.6501e+06,1.8503e+07,1.9845e+07,9.2356e+06,1.404e+07,1.6748e+07,2.0574e+07,2.8128e+07,3.0078e+07,1.6331e+07,8.4132e+06,5.1027e+06,2.0886e+07,2.8812e+07,2.9888e+07,5.2708e+06,2.0023e+07,2.8011e+07
2.7181e+07,2.6764e+07,2.9474e+07,1.347e+07,2.8115e+07,2.1007e+07,6.9455e+06,1.2631e+07,2.3782e+07,9.6491e+05,9.4998e+06,2.0882e+07,3.4656e+06,1.2411e+07,1.6816e+07,1.086e+07,3.0048e+07,2.3555e+07,4.0451e+06,3.3388e+07,3.1673e+07,2.642e+07,2.0863e+07,3.1901e+07,3.7275e+06,2.9424e+07,2.5772e+07,2.2987e+07,2.4134e+07,2.0342e+07,4.5475e+06,1.9051e+07,1.1621e+07,2.2759e+07,1.1379e+07,1.1017e+07,7.1968e+06,1.2475e+07,1.48e+07,1.5671e+07
1.7037e+07,1.3229e+07,1.2845e+07,2.9643e+07,2.4508e+07,2.5711e+07,1.641e+07,1.3683e+07,2.9333e+07,8.309e+06,5.6942e+05,3.2697e+06,2.7126e+07,3.2936e+07,1.6625e+07,1.4412e+07,2.3357e+07,7.3317e+06,2.5589e+06,1.5458e+07,1.2891e+07,8.0857e+06,2.5516e+07,3.2382e+07,3.1852e+06,2.6166e+07,6.3296e+06,3.1832e+05,1.376e+07,4.7421e+06,1.7876e+07,1.8715e+07,2.3268e+07,2.9406e+07,6.5883e+05,2.3038e+07,3.3099e+07,3.3077e+07,1.5304e+07,1.1677e+07
8.8816e+06,2.9869e+07,1.6914e+06,1.5071e+07,3.0047e+07,3.0576e+07,5.362e+06,1.9608e+07,1.4996e+07,3.2662e+07,2.6076e+07,3.2077e+07,7.9519e+06,2.1378e+06,7.6916e+06,2.622e+07,3.2374e+07,7.5398e+06,2.9689e+07,3.177e+07,6.2802e+06,2.0834e+07,2.8943e+07,1.0362e+07,5.7709e+06,2.4298e+07,1.9667e+07,1.531e+07,1.5228e+07,3.9699e+06,18705,3.0341e+07,5.329e+06,2.839e+07,1.5995e+07,1.0605e+07,4.2504e+06,2.2563e+07,3.0706e+07,1.149e+07
6.8485e+06,1.9281e+07,1.8196e+07,1.2662e+07,2.8917e+06,1.4069e+07,2.1518e+07,4.2276e+06,2.2936e+07,2.7897e+07,2.8689e+07,2.0168e+07,2.695e+07,2.4331e+07,2.3528e+07,3.1486e+07,6.3373e+06,3.0338e+07,3.0986e+07,2.4319e+07,1.2552e+07,2.3561e+07,6.1519e+06,3.1543e+07,7.6378e+06,2.0181e+07,8.935e+05,2.6199e+07,1.0034e+07,1.1889e+07,5.062e+06,1.4982e+07,2.8484e+07,3.0271e+07,1.4217e+07,9.121e+06,2.3658e+07,2.2771e+07,2.6094e+07,1.3273e+07
8.427e+05,3.2196e+07,1.5867e+07,2.9689e+07,2.9109e+07,2.8904e+07,1.2714e+07,1.2613e+07,2.0654e+07,2.2255e+07,9.8727e+06,3.4718e+06,7.07e+05,4.9858e+06,1.1163e+07,1.1343e+06,2.4586e+07,1.487e+07,1.3567e+07,3.1003e+06,2.7834e+07,3.111e+07,2.7607e+07,3.9458e+06,5.711e+06,2.6657e+07,1.2724e+07,2.9943e+07,2.1086e+07,8.2954e+06,2.7468e+07,1.8372e+07,6.7995e+06,2.9017e+07,7.4576e+06,2.0173e+07,8.2686e+06,3.03e+07,2.1376e+07,4.8464e+06
7.8476e+06,2.6347e+07,2.9225e+07,1.8584e+07,3.0124e+07,3.1821e+07,1.0043e+07,1.676e+07,1.3209e+07,3.1845e+07,3.1528e+07,2.4614e+07,1.1753e+07,1.1362e+07,2.6473e+07,2.6655e+07,1.1798e+07,1.1215e+07,1.3605e+07,1.8775e+07,2.3537e+07,2.7745e+07,1.5676e+07,6.0735e+06,3.2671e+07,8.4792e+06,1.5638e+07,1.1855e+06,4.4837e+06,2.7152e+06,2.6334e+07,6.0419e+06,1.0939e+07,9.9145e+06,3.467e+06,3.1618e+07,6.9295e+06,1.4467e+07,1.6931e+06,2.2676e+07
3.7132e+06,1.4562e+07,2.8009e+07,3.2474e+06,2.6321e+07,1.3497e+07,2.1661e+07,2.0492e+07,4.8524e+05,1.9642e+07,1.414e+07,1.1858e+06,2.2121e+07,2.6128e+07,5.9223e+06,3.0873e+07,1.0954e+07,9.4684e+06,2.3556e+07,3.1502e+07,2.7855e+07,1.5267e+07,1.3609e+07,3.3177e+07,9.3569e+06,1.0065e+07,1.4558e+07,1.4758e+07,1.6082e+07,6.3604e+06,1.6689e+07,2.9435e+07,6.3501e+06,2.1569e+05,7.2579e+06,1.8215e+07,1.7753e+07,2.5301e+07,2.1628e+07,2.29e+07
2.3889e+07,1.6103e+07,9.5288e+06,3.9664e+06,1.7974e+07,1.8358e+07,2.7605e+07,2.3215e+07,2.3759e+07,6.1573e+06,1.0788e+07,5.4285e+06,2.4893e+07,1.9016e+07,2.4984e+07,9.6558e+06,3.1551e+06,1.9527e+07,2.8587e+06,2.6004e+07,2.3875e+07,7.0335e+05,7.0377e+06,2.2729e+07,1.5205e+07,1.655e+07,1.1834e+07,2.0532e+07,1.533e+07,9.8945e+06,2.811e+07,1.1668e+07,3.2554e+07,1.3505e+07,1.7596e+07,1.7125e+07,1.9213e+07,2.9978e+07,1.258e+07,3.2481e+07
1.1854e+07,6.1721e+06,1.896e+07,2.3265e+07,1.7435e+07,2.375e+07,3.0389e+07,2.9425e+07,8.9797e+06,3.0885e+07,6.3541e+06,7.997e+06,1.8067e+07,4.4874e+06,7.6271e+06,8.6077e+06,1.065e+07,4.4622e+06,5.5029e+06,9.1006e+06,1.1584e+07,6.8108e+06,2.3998e+06,2.9309e+07,5.0961e+06,2.6652e+07,3.1755e+07,1.1792e+07,1.9772e+06,3.0917e+07,2.6077e+07,8.3613e+06,1.7841e+07,2.4696e+06,2.8575e+07,2.521e+07,5.9194e+06,2.7723e+07,1.1306e+06,6.0209e+05
2.3988e+07,3.1016e+07,1.8619e+07,2.7811e+07,1.1972e+07,1.0294e+07,2.261e+07,1.8846e+06,1.0966e+07,2.9638e+07,1.3794e+07,1.685e+07,1.1987e+07,3.318e+07,1.5599e+07,3.177e+07,3.3633e+06,1.0723e+07,1.3232e+07,2.8138e+07,5.3773e+06,7.824e+06,5.4974e+06,1.9079e+07,5.1289e+06,2.2502e+07,3.0086e+07,2.2644e+07,2.2077e+07,1.3893e+07,2.1997e+07,1.3356e+07,1.9647e+07,2.7238e+07,2.2879e+07,3.2496e+07,9.7334e+06,5.2843e+05,1.3762e+07,2.8764e+07
3.2978e+07,2.7386e+07,6.3567e+06,1.3332e+06,2.0331e+07,2.4513e+07,1.6182e+06,2.6583e+07,1.3263e+07,2.006e+06,2.0828e+07,5.5429e+06,1.105e+07,9.0578e+06,1.8156e+07,2.8646e+07,1.4503e+07,1.9395e+07,4.5794e+06,1.9513e+07,2.2522e+07,2.8083e+07,2.1287e+07,7.1073e+06,3.0424e+07,1.3594e+07,2.9818e+07,1.9296e+07,5.6068e+05,1.8133e+07,2.861e+07,7.4686e+06,2.1374e+07,2.3907e+07,1.1198e+07,1.704e+06,1.5413e+07,2.9045e+07,2.6033e+07,1.1476e+07
2.5105e+07,2.0965e+07,2.4431e+07,2.2485e+07,1.628e+07,1.926e+07,2.6857e+07,1.5087e+07,9.2616e+06,2.4355e+07,1.3324e+07,1.3047e+07,2.0332e+07,6.2387e+05,2.318e+07,1.5569e+07,2.5807e+07,1.1239e+07,5.4385e+06,1.962e+07,8.2745e+06,3.3016e+06,1.3751e+07,2.7622e+07,5.5026e+06,6.9014e+06,3.2731e+06,2.5841e+07,3.3042e+07,1.4811e+07,4.3831e+06,8.2209e+06,2.907e+07,2.2052e+06,2.0246e+06,8.7248e+06,1.4998e+07,2.2655e+07,8.774e+06,2.336e+07
3.2981e+07,1.6303e+07,1.0573e+07,1.2797e+07,6.0433e+05,1.6899e+07,4.2611e+06,1.024e+07,8.5919e+06,76901,2.5928e+07,2.2206e+07,1.3354e+07,1.6812e+07,2.0554e+07,4.4652e+06,9.5078e+06,2.8098e+07,2.9056e+07,1.8374e+06,1.6549e+07,2.7855e+07,3.0819e+07,2.6885e+07,3.2842e+07,1.9176e+07,2.1393e+06,2.9002e+06,3.2776e+07,1.5056e+07,3.0003e+07,3.0574e+07,3.226e+07,2.6107e+07,3.1813e+07,2.2786e+07,2.3963e+07,4.617e+06,2.7775e+06,3.7657e+06
1.8641e+07,1.4429e+06,5.59e+06,1.9686e+07,1.7092e+07,3.3533e+07,3.2835e+07,2.5662e+07,7.8597e+06,2.4726e+07,2.237e+07,2.0879e+07,2.8704e+07,1.8398e+07,3.037e+07,5.9589e+05,1.9658e+07,9.4329e+06,2.4961e+07,7.2451e+06,1.71e+06,9.4566e+06,4.4805e+06,1.533e+07,7.4815e+06,1.8565e+07,2.3874e+06,3.2713e+06,1.0882e+07,2.11e+07,2.5224e+07,1.4967e+07,7.7656e+06,1.905e+07,7.1433e+06,9.1213e+06,5.9024e+06,2.6025e+07,2.7469e+06,1.8412e+07
2.4564e+07,2.1919e+07,2.1912e+07,2.3108e+07,3.7175e+06,1.2007e+07,2.0164e+07,1.1674e+07,2.7248e+07,3.9335e+06,1.3957e+07,2.6668e+07,2.9418e+07,1.1852e+07,2.7349e+07,4.1327e+06,1.1678e+07,1.5455e+07,1.528e+07,1.2956e+07,2.0885e+06,1.4118e+07,3.3258e+07,2.713e+07,1.8444e+07,2.707e+07,1.5288e+07,1.9703e+07,3.3514e+07,2.4618e+07,1.566e+07,2.0684e+07,4.3313e+06,3.009e+07,5.5879e+06,7.4628e+06,2.1083e+07,1.6584e+07,1.5471e+07,3.4776e+06
2.9555e+06,3.0449e+07,1.3374e+07,8.2045e+05,1.5666e+07,2.8799e+07,2.8977e+07,1.696e+07,1.6371e+07,7.9463e+06,3.2565e+07,4.9004e+06,4.0844e+06,1.038e+07,2.9516e+07,9.3939e+06,2.0176e+07,9.0385e+06,3.0656e+07,2.0313e+07,5.4435e+06,3.0873e+07,3.5868e+06,4.8164e+06,2.146e+07,8.8923e+06,3.3435e+05,2.8609e+07,1.0342e+07,3.0485e+07,1.538e+07,1.1027e+07,3.3262e+07,2.7298e+07,9.9006e+06,2.939e+07,1.0634e+07,3.2205e+07,3.1158e+07,1.6648e+07
1.6501e+07,3.3293e+07,1.3249e+07,3.1785e+07,3.0669e+06,1.2843e+07,2.4512e+07,2.5038e+07,5.8186e+06,1.2145e+07,2.2192e+07,2.1064e+07,2.4318e+07,2.2569e+07,1.4393e+06,1.0058e+07,1.6354e+07,1.154e+07,2.5354e+06,1.1281e+07,4.1088e+06,4.7896e+06,1.2631e+07,2.5455e+07,2.9009e+07,2.8743e+07,4.4639e+06,2.8965e+07,1.9941e+07,1.9806e+07,3.0802e+07,1.877e+06,2.3645e+07,1.6709e+07,1.2275e+07,3.3494e+07,3.2044e+07,1.7224e+07,2.2491e+07,63433
1.6541e+07,1.7826e+07,1.0263e+07,2.8851e+07,2.2217e+06,1.7932e+07,2.117e+05,2.2213e+07,1.808e+07,1.4952e+07,2.6311e+07,5.3877e+06,5.1866e+06,2.7258e+07,3.2812e+07,9.5676e+06,2.2055e+07,2.707e+07,2.7516e+07,1.0239e+07,2.49e+06,2.0723e+07,4.5688e+06,2.7151e+07,3.2812e+07,3.0213e+07,6.1323e+06,3.0938e+07,4.5822e+06,1.4547e+06,2.2575e+07,4.2848e+06,7.3574e+06,2.2107e+07,1.0824e+07,1.686e+07,1.7932e+07,1.5405e+07,1.7404e+07,1.9199e+07
1.2893e+07,2.8725e+07,1.1933e+07,2.881e+07,1.4095e+07,7.731e+06,2.4271e+07,3.1394e+06,5.1415e+06,3.0369e+07,1.9251e+07,2.2896e+07,2.6255e+06,1.1814e+07,1.1856e+07,3.8609e+06,1.6523e+07,1.4539e+07,7.7946e+06,6.6905e+06,8.6279e+06,3.1531e+06,9.046e+06,6.5918e+06,1.4009e+07,6.0325e+05,6.4409e+06,8.9062e+06,2.0019e+07,3.9088e+06,5.1588e+06,1.4125e+07,1.4798e+06,1.6029e+07,3.1915e+07,2.9916e+07,3.0574e+07,7.2163e+06,2.098e+07,5.0177e+05
2.6304e+07,2.842e+05,2.554e+07,1.1114e+07,3.508e+06,3.0494e+07,2.5911e+07,4.1709e+06,3.2202e+07,1.1405e+07,2.0411e+07,1.9314e+07,3.3084e+07,3.3104e+07,1.5415e+07,1.2624e+07,1.0669e+06,2.413e+07,8.4517e+06,1.3649e+07,2.7707e+07,1.9023e+07,1.9332e+07,1.0206e+07,9.7149e+06,9.1069e+06,2.3805e+07,8.0661e+06,1.879e+07,1.094e+07,9.3338e+06,8.9049e+06,1.686e+07,1.9056e+07,4.2315e+06,1.6398e+06,2.7286e+07,6.7594e+06,2.4122e+07,2.2985e+07
5.4997e+06,2.8413e+07,1.5972e+07,2.3791e+07,9.9688e+06,7.6134e+06,3.0284e+07,2.0806e+07,7.7932e+06,2.0133e+07,4.5069e+06,1.8015e+06,6.9118e+06,7.7022e+06,2.1498e+07,7.3714e+06,2.245e+07,2.2184e+07,1.018e+07,1.902e+07,2.1929e+07,2.2337e+07,1.6892e+07,1.0547e+06,2.5614e+07,2.6402e+07,2.7646e+07,1.2846e+07,1.1865e+07,1.109e+07,2.357e+07,1.2881e+07,1.0447e+06,1.5322e+07,9.3756e+06,1.1284e+07,1.751e+06,1.8119e+07,1.2782e+07,3.3502e+07
1.7771e+07,2.9744e+07,2.7366e+07,1.0895e+07,8.931e+06,9.3218e+06,2.5315e+07,3.2847e+07,2.1557e+07,2.8597e+07,2.8697e+07,1.8752e+07,8.4923e+06,1.2638e+07,1.8289e+07,1.5039e+06,1.123e+07,2.693e+07,1.6561e+07,8.6839e+06,9.5522e+06,2.7411e+07,1.9842e+07,1.3216e+07,3.7215e+06,3.3437e+07,1.7785e+05,8.4397e+06,2.2493e+07,2.0844e+07,1.4159e+07,2.1148e+07,1.3202e+06,1.4964e+07,1.1012e+07,2.676e+07,2.8709e+07,3.0982e+07,9.9302e+06,3.0286e+07
3.1965e+06,1.3254e+07,2.275e+07,5.1479e+06,2.1898e+06,3.5693e+06,3.2367e+06,1.3284e+07,3.3057e+07,1.9091e+07,9.4715e+06,2.2435e+07,2.0782e+07,3.0718e+07,6.9593e+06,1.7109e+06,2.3591e+07,5.3594e+06,2.2517e+07,2.2923e+06,9.9816e+05,2.824e+07,2.5298e+07,3.2811e+06,6.9956e+06,2.9175e+06,2.9049e+07,8.2505e+05,8.4411e+06,2.0657e+07,1.5716e+07,2.4775e+07,6.5504e+06,1.8396e+07,1.5405e+07,3.2594e+07,1.0878e+07,6.7984e+06,1.9035e+07,1.6211e+07
1.2389e+07,3.2394e+07,1.216e+07,3.1219e+07,3.2206e+06,4.0913e+06,1.6395e+07,3.0954e+07,4.5244e+06,4.8446e+06,1.1184e+07,1.5267e+07,2.8159e+05,1.3702e+07,6.0693e+06,2.9305e+07,1.8417e+07,2.8901e+07,1.7825e+06,1.7148e+07,4.8921e+06,1.4719e+07,1.5276e+07,1.0675e+07,3.1055e+07,2.421e+07,2.1359e+07,3.1736e+07,2.4506e+07,1.7513e+07,2.1718e+07,2.4696e+07,2.9226e+07,2.9095e+07,7.6794e+06,1.0101e+07,1.3754e+07,6.4535e+06,6.528e+06,5.0212e+06
9.8119e+06,1.3595e+07,1.687e+07,2.6497e+07,3.1296e+06,6.7607e+06,8.3127e+05,2.2863e+07,2.4674e+07,5.0154e+06,1.0399e+07,1.1134e+07,6.2612e+06,2.3073e+07,1.8946e+07,1.8261e+07,3.1325e+07,1.0542e+06,2.2223e+07,2.601e+07,2.1741e+07,3.3042e+07,3.2045e+07,2.5191e+07,3.2479e+06,1.5739e+07,3.4947e+06,1.2487e+07,2.3413e+06,3.0593e+07,2.013e+07,3.2927e+07,3.0627e+07,1.679e+07,1.5886e+06,2.3289e+07,2.4841e+06,1.7863e+07,2.1183e+07,2.841e+07
2.0927e+07,2.5409e+06,1.0058e+07,2.9636e+07,2.4611e+07,1.9818e+07,2.1069e+07,2.5494e+07,8.3e+06,7.4154e+06,9.4455e+06,2.6088e+07,1.403e+07,3.636e+06,1.3901e+07,3.0609e+07,1.8921e+07,2.666e+07,1.0343e+07,3.2148e+06,2.6588e+06,1.8765e+07,1.205e+07,2.7022e+07,1.5606e+06,2.1068e+07,1.1374e+07,2.1107e+05,3.0891e+07,6.4124e+06,1.9995e+07,2.6959e+07,7.6174e+06,2.8936e+07,3.0011e+07,8.7011e+06,2.6941e+07,1.1552e+07,4.7979e+06,2.6251e+07
2.9562e+07,2.7861e+07,1.2873e+07,6.6142e+06,1.7187e+07,9.3217e+06,3.4601e+06,6.3669e+06,4.3469e+06,8.0735e+06,1.8898e+07,2.4437e+07,2.5387e+07,4.9278e+06,4.0629e+06,5.5821e+06,1.4711e+07,9.9626e+06,1.8206e+07,3.1019e+07,8.475e+06,2.0119e+07,8.0965e+06,1.138e+07,2.2293e+07,1.9062e+06,3.3191e+07,3.0333e+07,2.6644e+07,2.8451e+06,3.1146e+07,1.8662e+07,9.8041e+06,4.2148e+05,1.4036e+07,3.3536e+07,2.26e+07,1.845e+07,2.5903e+07,1.0727e+07
2.3129e+07,1.2242e+07,2.4582e+06,3.0799e+07,3.448e+06,2.5114e+07,2.6316e+07,1.1849e+07,7.0992e+05,5.5104e+05,1.1375e+07,2.4175e+07,3.0246e+07,1.5893e+07,1.8704e+06,1.3682e+07,1.1266e+07,1.0204e+07,9.9484e+06,3.2595e+07,1.9304e+07,7.965e+06,3.059e+07,1.2671e+06,1.8691e+07,2.2631e+07,3.129e+07,3.3168e+07,5.7844e+06,1.0002e+05,4.1341e+06,5.5125e+06,1.9182e+07,1.9039e+07,2.5423e+07,3.7075e+06,2.4675e+07,1.7889e+07,1.5572e+07,1.9946e+07
3.2991e+07,1.2253e+07,9.2428e+06,1.1004e+07,2.979e+07,2.603e+07,7.7737e+06,2.1831e+07,1.069e+06,3.2719e+07,3.8518e+06,4.7778e+06,2.413e+07,1.1003e+07,2.2747e+07,3.4137e+06,1.8786e+07,4.1195e+06,8.419e+06,1.9132e+07,2.9807e+05,1.5719e+07,9.8665e+06,8.702e+06,1.7431e+07,1.6813e+07,2.1662e+06,1.6268e+07,2.7491e+07,2.2135e+07,6.5146e+06,3.2174e+07,3.2009e+07,3.043e+07,1.2787e+07,2.1535e+07,2.7525e+07,1.3991e+07,2.4086e+07,2.7927e+07
2.2461e+07,1.869e+07,3.2206e+07,3.0021e+07,4.2254e+06,1.5207e+07,1.0179e+07,4.2601e+06,1.0752e+07,1.2395e+07,2.8758e+07,6.0712e+06,3.3316e+06,5.917e+05,2.6772e+07,8.6079e+06,1.2074e+07,2.713e+07,1.9e+07,2.6242e+07,1.6368e+07,1.4816e+07,1.134e+07,1.8382e+06,2.3231e+07,5.9464e+05,1.414e+07,2.9574e+07,49677,1.6801e+07,2.5327e+07,2.2666e+07,6.0768e+06,3.3421e+07,2.9912e+07,2.3353e+07,3.4228e+06,2.9249e+07,3.0479e+07,3.0403e+07
1.903e+07,1.3698e+07,3.3769e+06,1.8249e+07,1.477e+07,2.1158e+07,7.1972e+06,2.1468e+07,3.2495e+07,2.3395e+07,2.9668e+07,3.1099e+07,3.1718e+07,1.7377e+07,5.9787e+06,2.7581e+07,1.6411e+06,4.3338e+06,3.127e+07,9.4257e+06,3.1679e+07,2.2963e+07,2.2621e+07,1.264e+07,2.9129e+07,1.8742e+07,1.018e+07,2.8496e+07,2.6325e+07,3.2569e+07,3.2825e+07,2.0242e+07,5.0089e+05,8.6212e+06,1.0404e+07,7.6265e+06,2.4245e+07,2.1781e+07,3.1192e+07,1.8253e+07
1.4826e+07,2.1483e+07,7.388e+06,1.661e+06,7.0617e+06,2.8997e+07,3.7192e+06,3.2379e+07,1.3545e+07,6.1193e+06,1.8886e+07,1.3837e+07,2.6455e+07,2.5848e+06,9.1406e+05,2.8248e+07,4.0493e+06,3.1966e+07,2.0541e+07,8.8421e+06,2.337e+07,1.7664e+07,2.1105e+07,2.0825e+07,2.4163e+07,1.516e+06,2.7039e+07,1.3235e+07,5.5369e+06,3.0108e+07,2.9942e+07,2.8356e+07,2.0032e+07,1.4017e+07,1.8691e+07,1.825e+07,2.4108e+07,1.2509e+07,8.0595e+06,2.2441e+07
1.2307e+06,1.2938e+07,2.6275e+07,1.1525e+07,1.8992e+07,1.0679e+07,3.3322e+07,9.1684e+05,9.1449e+06,1.6856e+07,1.2404e+07,7.447e+06,1.2965e+07,2.6987e+07,2.6328e+07,2.1992e+07,1.1993e+07,1.1376e+07,1.7683e+06,2.8953e+07,2.478e+06,2.2972e+07,1.9246e+07,1.446e+07,1.6314e+07,2.2768e+07,6.8187e+06,1.2357e+07,2.5498e+07,3.5233e+06,2.1446e+07,2.5352e+07,2.1683e+07,2.2428e+07,1.9874e+07,2.4841e+07,1.5572e+07,4.8177e+06,1.0694e+07,2.8449e+07
2.2073e+07,1.3051e+07,3.077e+07,1.7703e+07,5.332e+06,2.3254e+07,2.6287e+07,2.8402e+07,1.5344e+07,2.985e+06,4.5508e+06,1.917e+07,2.0922e+07,2.3393e+07,1.395e+07,4.6551e+06,1.0405e+07,2.3903e+07,7.1287e+06,2.4622e+07,1.3064e+07,7.0809e+05,2.1838e+07,2.1286e+07,2.4106e+07,2.6898e+07,2.2846e+07,9.2941e+06,2.196e+07,2.5662e+07,9.7971e+06,2.7464e+07,2.6079e+06,3.0497e+07,3.3476e+07,1.4053e+07,8.9225e+06,8.723e+06,1.1412e+07,2.646e+07
2.8696e+07,3.1228e+07,2.6158e+07,5.3115e+06,2.4467e+07,6.4929e+06,1.5374e+07,2.8703e+07,4.421e+06,2.0598e+07,2.1422e+07,2.5234e+07,8.6125e+06,1.841e+07,3.1475e+07,3.1879e+07,2.0318e+07,2.7198e+07,1.0573e+07,9.1313e+06,1.4386e+07,2.5074e+07,1.5602e+07,3.3009e+07,2.8476e+07,1.08e+07,5.9927e+06,2.8697e+07,2.887e+07,3.5234e+06,2.5519e+07,4.6678e+06,2.037e+07,2.6599e+07,7.1066e+06,1.0755e+06,2.6959e+07,1.3189e+06,2.4864e+07,1.1386e+07
2.1358e+07,2.5073e+07,3.0306e+07,3.3553e+07,3.279e+07,1.5971e+07,1.603e+07,2.3021e+06,1.0225e+07,3.0974e+07,2.3024e+07,9.6094e+06,1.4559e+07,1.2328e+07,1.6786e+07,5.2886e+06,1.5018e+07,3.0694e+07,2.9786e+06,1.2486e+07,1.7619e+06,2.7594e+07,2.7013e+07,2.8288e+07,2.2214e+07,3.2247e+07,2.006e+07,2.9474e+07,1.7593e+06,7.7815e+05,6.8862e+06,1.9385e+07,2.5879e+07,2.9263e+07,2.7132e+06,2.8523e+07,3.122e+07,1.804e+07,1.7668e+06,2.9756e+07
5.3636e+06,2.6701e+07,1.0311e+07,2.1894e+07,2.9336e+07,4.8782e+06,2.9171e+07,2.8933e+07,2.5083e+07,2.2398e+07,3.1262e+07,1.3188e+07,1.4901e+07,7.2944e+06,2.6739e+07,2.9193e+07,2.4368e+07,4.3305e+06,3.1734e+06,3.143e+06,6.5482e+06,1.4847e+07,1.0688e+07,2.1616e+07,2.4873e+07,1.1167e+07,2.7419e+07,8.4878e+06,2.0592e+07,2.8741e+07,6.0084e+06,1.6929e+07,2.3874e+07,7.745e+06,2.7108e+07,1.9425e+07,3.2832e+07,2.9807e+07,2.563e+07,2.9637e+07
1.0945e+07,2.4264e+07,1.5542e+07,2.4829e+07,1.8832e+07,1.381e+07,2.0275e+06,1.679e+07,1.7303e+07,1.7366e+07,1.6988e+07,1.4171e+07,2.1977e+07,2.4189e+07,2.2348e+07,1.6563e+07,3.2252e+06,2.7179e+07,1.3269e+07,1.2486e+07,1.0564e+07,1.3754e+07,1.7293e+07,9.4871e+06,1.5934e+07,9.5974e+05,4.6568e+06,3.9877e+06,1.7146e+07,3.1505e+07,1.1968e+07,3.1615e+07,1.0222e+07,7.5468e+06,3.6511e+06,2.0278e+07,1.8641e+07,2.0292e+07,2.6598e+07,7.0211e+05
3.3176e+07,2.9151e+06,3.0215e+07,7.9892e+06,2.7154e+07,2.0639e+07,9.3688e+06,2.1841e+07,2.9759e+07,1.278e+07,2.9145e+07,3.0632e+07,3.0572e+07,2.9544e+07,7.2467e+06,4.767e+05,3.0874e+06,2.4138e+07,1.0348e+07,7.1496e+06,3.9306e+06,1.219e+07,1.1167e+07,2.0427e+07,3.6614e+05,2.9707e+06,1.8622e+07,3.2486e+07,2.5651e+07,1.1696e+07,3.0803e+07,3.1777e+07,1.1151e+07,8.4762e+06,1.5056e+07,2.4837e+07,3.2597e+06,2.6236e+07,9.0825e+06,4.3156e+06
3.1848e+07,2.7471e+07,4.2448e+06,2.4532e+07,8.0232e+06,3.7457e+06,7.7441e+06,2.7429e+07,6.6098e+06,2.947e+07,2.5513e+07,2.9371e+07,9.0458e+05,7.964e+06,1.3761e+07,1.3809e+07,7.9717e+06,2.9392e+07,2.9892e+06,2.2342e+07,8.3072e+06,3.7677e+06,2.0229e+07,3.2519e+07,2.5025e+07,3.7626e+06,5.8939e+06,1.0855e+07,2.9149e+06,2.5673e+07,1.729e+07,5.6126e+06,1.9484e+07,7.1691e+06,5.2217e+06,2.0107e+07,9.7816e+06,1.6267e+07,6.7364e+06,3.323e+06
1.0281e+07,6.8016e+06,2.842e+07,2.3424e+07,1.165e+07,2.2166e+07,1.2898e+07,1.8275e+07,4.7065e+06,2.2252e+07,1.5774e+07,1.4713e+07,2.615e+07,3.6663e+06,2.3312e+07,2.0334e+06,1.952e+07,1.2555e+07,1.205e+07,2.4073e+07,2.3418e+07,2.6674e+07,1.9627e+07,1.5269e+07,6.3376e+06,5.5577e+06,2.9442e+07,1.436e+07,1.3827e+07,1.679e+07,1.8616e+07,1.43e+07,2.6631e+07,1.4033e+07,7.3582e+06,2.1844e+07,3.1233e+07,6.716e+06,2.664e+07,1.3116e+07
1.6839e+07,3.0647e+07,1.3606e+07,2.1464e+07,1.3443e+07,6.0278e+06,2.9071e+07,2.9837e+07,1.7082e+07,7.6618e+06,3.112e+07,6.7355e+06,2.2536e+07,1.5781e+07,2.827e+07,8.5417e+05,1.5146e+07,1.4056e+07,1.5746e+06,3.107e+07,3.2321e+07,7.9392e+06,1.2493e+07,2.2129e+07,1.0262e+07,3.1254e+07,6.3055e+06,2.3904e+07,3.4832e+06,1.048e+07,2.6503e+07,4.8476e+06,1.0557e+07,2.5715e+07,1.0053e+07,2.139e+07,2.4387e+07,2.3841e+07,2.2313e+07,1.1559e+07
2.5078e+07,2.6125e+07,2.2721e+07,6.21e+06,1.0236e+07,1.0535e+07,3.3496e+07,2.6367e+07,2.3504e+07,2.7991e+07,1.2269e+07,2.784e+07,2.5725e+07,2.1718e+07,1.0369e+06,3.3539e+07,2.6066e+07,1.0988e+07,1.4356e+06,1.5501e+07,1.9222e+07,1.769e+07,8.5661e+06,2.7168e+07,2.5332e+07,2.3768e+07,2.7549e+07,1.1176e+07,1.6394e+07,3.2917e+07,3.1709e+07,5.1177e+06,3.3375e+07,2.1039e+07,2.7542e+06,1.4959e+07,1.027e+07,1.5056e+07,9.139e+06,8.0135e+06
3.2105e+07,2.8194e+07,2.9599e+07,3.1095e+07,3.1987e+07,2.0979e+06,3.046e+07,2.9144e+07,3.7081e+05,8.085e+06,3.1205e+07,1.5441e+07,1.5024e+07,2.4003e+06,1.6875e+07,1.2777e+07,1.1716e+07,2.2051e+05,2.5828e+07,3.2573e+07,1.2266e+07,1.4591e+07,2.9222e+07,3.0406e+06,3.217e+07,1.7578e+07,1.0997e+07,1.6475e+07,2.3795e+07,6.4069e+06,1.8874e+07,2.0726e+07,5.103e+06,3.1963e+07,7.0446e+06,2.9406e+07,7.799e+06,1.5391e+07,3.0357e+07,1.9678e+07
1.336e+06,9.3077e+06,8.4347e+06,7.2095e+06,2.2687e+07,1.8566e+07,6.8044e+06,3.3088e+07,9.5465e+05,2.183e+07,3.2624e+06,1.2843e+07,1.0883e+07,3.006e+06,9.0835e+06,3.0126e+07,2.2717e+07,1.6717e+07,1.546e+07,1.8481e+07,1.1096e+07,6.2586e+06,3.8638e+06,1.9659e+07,1.2225e+07,2.5276e+06,1.1093e+07,1.9936e+07,1.6839e+07,2.6216e+07,2.7629e+07,3.0106e+07,1.9112e+07,1.3421e+06,3.2128e+07,3.0179e+07,5.1118e+06,2.2353e+07,1.9351e+06,2.9128e+07
1.3962e+07,6.5027e+06,3.1778e+07,4.5485e+06,1.575e+07,2.8566e+07,8.282e+06,1.4475e+07,3.336e+07,3.1127e+07,1.4436e+06,1.8378e+07,50134,2.4319e+07,2.0762e+07,1.2493e+07,9.8703e+06,1.8502e+06,2.3511e+07,2.9963e+07,2.4361e+07,1.9647e+07,3.1951e+07,1.2105e+07,3.0619e+06,1.6338e+07,5.5561e+06,8.6344e+06,58524,2.561e+07,2.5629e+07,5.26e+05,4.1523e+06,2.6992e+06,2.6197e+06,1.9839e+07,1.6647e+07,1.654e+07,2.175e+07,2.8211e+07
1.9069e+07,1.0434e+07,3.4686e+06,1.7849e+06,3.255e+07,3.1602e+06,2.2008e+07,1.2443e+07,1.8739e+07,2.8501e+07,2.6711e+07,2.4268e+07,1.9168e+07,1.2923e+07,2.9434e+07,2.505e+07,2.2688e+06,1.3839e+06,2.8577e+07,1.9696e+07,2.218e+07,1.9729e+07,8.6443e+06,2.2833e+07,3.004e+07,1.2789e+07,1.0547e+07,5.2931e+06,2.2512e+07,1.7842e+07,2.7211e+07,1.7278e+07,6.3278e+06,2.6123e+07,3.0365e+07,1.8915e+07,2.0125e+07,2.0801e+07,2.1828e+07,4.428e+06
8.4405e+06,2.3182e+07,1.2793e+07,1.8765e+07,6.6226e+06,2.6333e+07,2.082e+07,7.7056e+06,2.9914e+06,3.2946e+07,2.1714e+07,2.4347e+07,2.0629e+07,3.276e+07,8.4125e+06,9.4314e+06,1.8462e+07,3.207e+07,8.4501e+06,1.8059e+07,1.9557e+07,1.6229e+07,1.6155e+07,9.7833e+06,6.0934e+06,7.8098e+06,1.6386e+07,2.2297e+07,1.4105e+06,3.1894e+07,1.4955e+07,1.4442e+07,2.5084e+07,8.2231e+06,2.4926e+07,9.5504e+06,2.0597e+06,2.0561e+07,1.2702e+07,2.7473e+07
1.7018e+06,2.962e+07,2.7207e+06,2.8061e+07,2.3377e+07,2.0245e+07,1.7237e+07,8.3149e+06,2.363e+07,1.8345e+07,2.9581e+07,4.5149e+06,2.9153e+07,3.2913e+07,1.2415e+07,6.5244e+06,1.6236e+07,1.4699e+07,5.355e+06,3.0987e+07,1.4089e+07,2.2121e+07,1.4077e+07,3.139e+07,2.3904e+07,3.1963e+07,3.0715e+07,6.1296e+06,2.2432e+07,3.2389e+06,3.3024e+07,2.4954e+07,7.1591e+06,2.0716e+07,1.1261e+07,2.1227e+07,1.7306e+07,2.6405e+07,1.6865e+07,5.5209e+06
1.7028e+07,2.7609e+07,1.4389e+07,5.291e+06,2.2646e+07,9.2822e+06,1.2576e+07,1.3314e+07,4.4331e+06,3.2421e+07,3.2251e+07,4.7011e+05,1.7091e+07,6.5461e+06,2.8623e+07,2.8618e+07,1.927e+07,1.0635e+07,1.2977e+07,2.5663e+07,2.2832e+07,4.2045e+06,2.0798e+07,2.3074e+07,2.5511e+07,7.6214e+06,7.5261e+06,5.0385e+05,1.964e+07,2.4588e+07,2.901e+07,2.6456e+06,1.4516e+07,2.7004e+07,1.7098e+07,1.3589e+07,1.5626e+07,1.2367e+07,1.8859e+07,1.8534e+07
6.1279e+06,2.2579e+07,2.1555e+07,2.739e+07,8.8909e+06,2.6816e+07,1.045e+07,2.4001e+07,3.0644e+07,2.3608e+07,2.9156e+06,1.704e+07,2.6044e+07,1.6886e+07,1.9641e+06,2.2414e+07,1.3747e+07,35173,2.2625e+07,1.5481e+07,3.2134e+07,1.2972e+07,8.7301e+06,6.982e+06,2.1295e+07,1.189e+07,4.5423e+06,7.2722e+06,2.0337e+07,1.4892e+07,1.612e+07,2.9763e+07,4.2276e+05,1.9411e+07,2.2293e+06,9.8129e+06,1.6341e+07,5.913e+06,1.6645e+07,2.0866e+07
2.4561e+07,3.3147e+07,1.349e+07,2.9681e+07,6.3875e+06,2.2374e+07,1.6421e+07,1.5767e+07,1.2914e+07,4.9474e+06,2.7421e+07,3.7014e+06,2.7365e+07,2.7528e+07,8.9996e+06,3.2482e+06,1.8689e+07,2.7902e+07,2.2715e+07,8.5624e+06,9.1757e+06,9.288e+06,2.437e+07,2.5166e+07,1.1806e+07,3.2002e+07,3.1931e+07,2.013e+07,2.4045e+07,3.0091e+07,3.833e+06,1.4591e+07,2.8332e+07,2.1129e+07,2.7523e+07,2.4555e+06,3.2875e+07,2.4151e+07,3.2431e+07,1.1676e+07
2.0063e+07,1.6214e+07,2.7875e+07,2.3957e+06,1.5578e+07,6.9938e+06,2.3447e+07,2.456e+07,2.6999e+06,1.3381e+07,3.0955e+07,1.4645e+07,7.963e+06,7.6784e+06,9.1057e+06,2.7181e+07,1.4896e+07,3.0539e+07,1.4941e+07,1.3895e+07,1.981e+07,1.4895e+07,2.4502e+06,1.5044e+07,3.0458e+07,1.6817e+07,5.5743e+06,6.4561e+06,1.7733e+07,3.0676e+07,1.2014e+06,5.4959e+06,5.2295e+06,1.6388e+07,1.2785e+07,2.5871e+07,4.7289e+06,2.2492e+07,1.9297e+07,2.7482e+07
2.0377e+07,2.452e+07,2.4957e+07,2.0779e+07,8.3237e+06,4.8596e+06,1.6294e+07,1.2911e+07,1.5986e+06,1.1141e+06,2.1179e+07,1.0383e+07,6.2981e+06,2.5698e+07,2.0494e+07,2.4158e+07,1.9934e+07,2.4253e+07,3.0494e+07,4.264e+06,2.5502e+07,2.9743e+06,2.2908e+07,3.0505e+07,5.1734e+06,3.1515e+07,3.1592e+07,1.4646e+07,8.2511e+06,2.3977e+06,2.8647e+07,1.9956e+07,1.9321e+07,1.1811e+07,2.9012e+07,2.2728e+06,6.7464e+06,3.0477e+07,6.463e+06,4.4003e+06
2.6006e+07,2.3946e+07,1.5739e+07,1.1986e+07,4.5329e+06,3.7621e+06,1.6194e+07,3.1068e+07,7.5884e+06,3.0021e+06,1.7015e+07,1.0099e+07,2.6003e+07,2.4746e+05,8.4267e+06,2.2321e+07,6.5786e+06,3.334e+07,2.5373e+07,1.1022e+07,1.816e+07,1.6051e+07,7.2736e+06,2.6626e+07,2.1415e+07,2.5655e+07,2.4824e+07,4.2669e+06,2.2952e+07,2.5075e+07,1.2015e+07,6.396e+06,1.9273e+07,8.803e+06,1.3144e+07,1.0772e+07,9.0645e+06,1.5761e+05,1.0498e+07,2.2183e+07
1.701e+07,2.9465e+07,2.5538e+06,3.236e+07,4.4598e+06,2.003e+07,1.2705e+07,1.3359e+07,2.6449e+07,1.8063e+07,1.5213e+07,4.7748e+05,1.0679e+07,9.1608e+06,1.3486e+07,7.7172e+06,2.2932e+07,1.2231e+07,6.4647e+06,4.0457e+06,2.1869e+07,1.0471e+07,2.3581e+06,2.1809e+07,2.8484e+07,3.4001e+06,1.1488e+07,7.1011e+06,3.0604e+06,8.4764e+06,6.9466e+06,2.0671e+07,2.9925e+07,2.4039e+07,2.9032e+07,2.8127e+07,6.5657e+05,1.1115e+07,1.8876e+06,2.257e+07
